in:fs_0,in:np_0,in:fA_0,in:fB_0,in:fs_1,in:np_1,in:fA_1,in:fB_1,in:fs_2,in:np_2,in:fA_2,in:fB_2,in:fs_3,in:np_3,in:fA_3,in:fB_3,in:fs_4,in:np_4,in:fA_4,in:fB_4,in:fs_5,in:np_5,in:fA_5,in:fB_5,in:fs_6,in:np_6,in:fA_6,in:fB_6,in:fs_7,in:np_7,in:fA_7,in:fB_7,in:fs_8,in:np_8,in:fA_8,in:fB_8,in:fs_9,in:np_9,in:fA_9,in:fB_9,in:fs_10,in:np_10,in:fA_10,in:fB_10,in:fs_11,in:np_11,in:fA_11,in:fB_11,in:fs_12,in:np_12,in:fA_12,in:fB_12,out:StaticAction,out:IntersectBars,out:InterimForces,out:minLength,out:maxLength,out:minForce,out:maxForce,out:ID,img
0.09,0.92,0.34,0,0.69,0,0,0,0.63,0,0,0,0.5,0,0,0,0.09,0.53,0.4,0,0.39,0,0,0,0,0,0,0,0,0,0,0,0,0,0,0,0,0,0,0,0,0,0,0,0,0,0,0,0,0,0,0,559.5,0,0,3,11.87,1.7,10.98,0,Frame_00000.png
0.41,0.96,0.1,0,0.65,0,0,0,0.3,0,0,0,0.42,0,0,0,0.49,0,0,0,0,0,0,0,0,0,0,0,0,0,0,0,0,0,0,0,0,0,0,0,0,0,0,0,0,0,0,0,0,0,0,0,559.5,0,0,3,11.9,0.5,12.49,1,Frame_00001.png
0.25,0.95,0.1,0,0.07,0,0,0,0.19,0,0,0,0.92,0,0,0,0.32,0,0,0,0,0,0,0,0,0,0,0,0,0,0,0,0,0,0,0,0,0,0,0,0,0,0,0,0,0,0,0,0,0,0,0,559.5,0,0,3,11.91,0.5,12.49,2,Frame_00002.png
0.95,0,0,0,0.2,0.87,0.9,0,0.96,0,0,0,0.64,0,0,0,0.44,0.79,0.44,0,0.01,0,0,0,0,0,0,0,0,0,0,0,0,0,0,0,0,0,0,0,0,0,0,0,0,0,0,0,0,0,0,0,559.5,0,0,3,11.79,1.44,10.77,3,Frame_00003.png
0.11,0.57,0.62,0,0.67,0,0,0,0.81,0,0,0,0.63,0,0,0,0.41,0.17,0.29,0,0.13,0,0,0,0,0,0,0,0,0,0,0,0,0,0,0,0,0,0,0,0,0,0,0,0,0,0,0,0,0,0,0,559.5,0,0,3,11.69,1.45,11.53,4,Frame_00004.png
0.05,0.93,0.01,0,0.2,0.61,0.27,0,0.34,0,0,0,0.89,0,0,0,0.22,0,0,0,0.82,0,0,0,0,0,0,0,0,0,0,0,0,0,0,0,0,0,0,0,0,0,0,0,0,0,0,0,0,0,0,0,559.5,0,0,3,11.69,0.05,12.96,5,Frame_00005.png
0.95,0,0,0,0.2,0.5,0.94,0,0.59,0.31,0.05,0,0.77,0,0,0,0.58,0,0,0,0.4,0.55,0.92,0,0.65,0,0,0,0,0,0,0,0,0,0,0,0,0,0,0,0,0,0,0,0,0,0,0,0,0,0,0,559.5,0,0,2.14,11.58,0.25,9.65,6,Frame_00006.png
0.22,0.88,0.16,0,0.72,0,0,0,0.75,0,0,0,0.39,0.13,-0.01,0,0.02,0,0,0,0.13,0,0,0,0,0,0,0,0,0,0,0,0,0,0,0,0,0,0,0,0,0,0,0,0,0,0,0,0,0,0,0,560,0,0,3,11.81,0.05,12.96,7,Frame_00007.png
0.12,0.46,0.4,0,0.69,0,0,0,0.87,0,0,0,0.19,0.32,-0.04,0,0.07,0,0,0,0.48,0,0,0,0,0,0,0,0,0,0,0,0,0,0,0,0,0,0,0,0,0,0,0,0,0,0,0,0,0,0,0,561.2,0,0,3,11.69,0.2,12.96,8,Frame_00008.png
0.22,0.46,0.26,0,0.21,0.81,-0.03,0,0.38,0,0,0,0.48,0,0,0,0.86,0,0,0,0.95,0,0,0,0,0,0,0,0,0,0,0,0,0,0,0,0,0,0,0,0,0,0,0,0,0,0,0,0,0,0,0,562.6,0,0,3,11.69,0.15,12.96,9,Frame_00009.png
0.1,0.44,0.07,0,0.71,0,0,0,0.1,0.18,-0.04,0,0.01,0.05,-0.02,0,0.54,0,0,0,0.76,0,0,0,0.88,0,0,0,0,0,0,0,0,0,0,0,0,0,0,0,0,0,0,0,0,0,0,0,0,0,0,0,564.2,0,0,3,11.8,0.1,13.06,10,Frame_00010.png
0.23,0.22,0.64,0,1,0,0,0,0.33,0.29,-0.12,0,0.89,0,0,0,0.35,0,0,0,0.75,0,0,0,0,0,0,0,0,0,0,0,0,0,0,0,0,0,0,0,0,0,0,0,0,0,0,0,0,0,0,0,565,0,0,3,11.69,0.6,12.96,11,Frame_00011.png
0.37,0.45,-0.03,0,0.22,0,0,0,0.49,0,0,0,0.21,0.94,-0.11,0,0.76,0.28,0.41,0,0.54,0,0,0,0.63,0,0,0,0,0,0,0,0,0,0,0,0,0,0,0,0,0,0,0,0,0,0,0,0,0,0,0,569.8,0,0,2.11,11.86,0.15,11.06,12,Frame_00012.png
0.14,0.32,-0.1,0,0.07,0.38,0.08,0,0.37,0,0,0,0.47,0,0,0,0.29,0,0,0,0.06,0,0,0,0,0,0,0,0,0,0,0,0,0,0,0,0,0,0,0,0,0,0,0,0,0,0,0,0,0,0,0,571,0,0,2.2,11.69,0.4,12.96,13,Frame_00013.png
0.11,0.22,0.18,0,0.14,0.21,-0.19,0,0.81,0,0,0,0.54,0,0,0,0.95,0,0,0,0.04,0,0,0,0,0,0,0,0,0,0,0,0,0,0,0,0,0,0,0,0,0,0,0,0,0,0,0,0,0,0,0,571,0,0,3,11.69,0.9,12.96,14,Frame_00014.png
0.02,0.12,0.06,0,0.83,0,0,0,0.65,0,0,0,0.03,0.03,0.04,0,0.93,0,0,0,0.66,0.53,-0.17,0,0.13,0,0,0,0,0,0,0,0,0,0,0,0,0,0,0,0,0,0,0,0,0,0,0,0,0,0,0,572.4,0,0,3,11.95,0.2,12.96,15,Frame_00015.png
1,0,0,0,0.5,0.58,-0.11,0,0.32,0,0,0,0.17,0.78,0.28,0,0.1,0.24,-0.06,0,0.57,0,0,0,0.3,0,0,0,0,0,0,0,0,0,0,0,0,0,0,0,0,0,0,0,0,0,0,0,0,0,0,0,577.9,0,0,2.1,11.5,0.3,9.91,16,Frame_00016.png
0.16,0.96,0.84,0,0.95,0,0,0,0.75,0,0,0,0.08,0.09,-0.29,0,0.9,0,0,0,0.67,0,0,0,0,0,0,0,0,0,0,0,0,0,0,0,0,0,0,0,0,0,0,0,0,0,0,0,0,0,0,0,579.6,0,0,2.9,11.94,1.45,12.96,17,Frame_00017.png
0.97,0,0,0,0.45,0.89,0.17,0,0.44,0.34,-0.26,0,0.43,0,0,0,0.49,0,0,0,0.38,0,0,0,0,0,0,0,0,0,0,0,0,0,0,0,0,0,0,0,0,0,0,0,0,0,0,0,0,0,0,0,583.8,0,0,2.28,11.73,0.85,12.16,18,Frame_00018.png
0.11,0.59,-0.19,0,0.61,0,0,0,0.65,0,0,0,0.51,0,0,0,0.09,0,-0.03,0,0.75,0,0,0,0,0,0,0,0,0,0,0,0,0,0,0,0,0,0,0,0,0,0,0,0,0,0,0,0,0,0,0,584.1,0,0,3,12,0.15,13.11,19,Frame_00019.png
0.15,0.01,-0.05,0,0.97,0,0,0,0.16,0.05,-0.34,0,0.72,0,0,0,0.59,0,0,0,0.39,0,0,0,0,0,0,0,0,0,0,0,0,0,0,0,0,0,0,0,0,0,0,0,0,0,0,0,0,0,0,0,584.9,0,0,2.5,11.98,0.25,12.96,20,Frame_00020.png
0.22,0.08,-0.25,0,0.71,0,0,0,0.63,0,0,0,0.89,0.63,0.33,0,0.21,0.38,0.02,0,0.09,0,0,0,0.29,0,0,0,0,0,0,0,0,0,0,0,0,0,0,0,0,0,0,0,0,0,0,0,0,0,0,0,589.2,0,0,3,11.87,0.1,11.34,21,Frame_00021.png
0.17,0.64,0.34,0,0.62,0,0,0,0.78,0,0,0,0.36,0.84,0.7,0,0.82,0,0,0,0.28,0.3,0.67,0,0.6,0,0,0,0,0,0,0,0,0,0,0,0,0,0,0,0,0,0,0,0,0,0,0,0,0,0,0,592.1,0,0,2.66,11.42,1.61,11.21,22,Frame_00022.png
0.15,0.76,0.98,0,0.63,0,0,0,0.14,0.17,-0.69,0,0.96,0,0,0,0.86,0,0,0,0.55,0,0,0,0,0,0,0,0,0,0,0,0,0,0,0,0,0,0,0,0,0,0,0,0,0,0,0,0,0,0,0,592.9,0,0,2.66,11.69,1.39,12.96,23,Frame_00023.png
0.17,0.72,0.06,0,0.99,0,0,0,1,0,0,0,0.88,0,0,0,0.32,0.28,-0.33,0,0.05,0,0,0,0,0,0,0,0,0,0,0,0,0,0,0,0,0,0,0,0,0,0,0,0,0,0,0,0,0,0,0,593.1,0,0,3,11.69,0.3,14.6,24,Frame_00024.png
0.21,0.01,0.06,0,0.12,0.08,-0.65,0,0.85,0,0,0,0.63,0,0,0,0.85,0,0,0,0.14,0,0,0,0,0,0,0,0,0,0,0,0,0,0,0,0,0,0,0,0,0,0,0,0,0,0,0,0,0,0,0,594.1,0,0,2.72,11.98,0.3,12.96,25,Frame_00025.png
0.63,0.93,-0.3,0,0.09,0,0,0,0.15,0.47,0.2,0,0.81,0,0,0,0.02,0,0,0,0.5,0,0,0,0,0,0,0,0,0,0,0,0,0,0,0,0,0,0,0,0,0,0,0,0,0,0,0,0,0,0,0,595,0,0,2.64,11.82,1,9.65,26,Frame_00026.png
0.16,0.24,0.58,0,0.72,0,0,0,0.88,0,0,0,0.08,0.16,-0.75,0,0.86,0,0,0,0.6,0,0,0,0,0,0,0,0,0,0,0,0,0,0,0,0,0,0,0,0,0,0,0,0,0,0,0,0,0,0,0,600,0,0,2.58,11.69,2.32,12.96,27,Frame_00027.png
0.98,0,0,0,0.33,0.78,-0.19,0,0.51,0,0,0,0,0.26,-0.33,0,0.15,0,0,0,0.82,0,0,0,0,0,0,0,0,0,0,0,0,0,0,0,0,0,0,0,0,0,0,0,0,0,0,0,0,0,0,0,600.9,0,0,3,11.69,0.95,12.96,28,Frame_00028.png
0.31,0.67,-0.1,0,0.62,0,0,0,0.34,0,0,0,0.24,0.07,-0.44,0,0.86,0,0,0,0.21,0.78,0.14,0,0.47,0,0,0,0,0,0,0,0,0,0,0,0,0,0,0,0,0,0,0,0,0,0,0,0,0,0,0,601,0,0,2.7,11.23,0.5,13.42,29,Frame_00029.png
0.16,0.61,-0.41,0,0.98,0,0,0,0.08,0.27,0.02,0,0.51,0,0,0,0.49,0,0,0,0.52,0,0,0,0,0,0,0,0,0,0,0,0,0,0,0,0,0,0,0,0,0,0,0,0,0,0,0,0,0,0,0,604.8,0,0,3,11.69,0.1,12.96,30,Frame_00030.png
0.44,0.83,-0.41,0,0.08,0,0,0,0.44,0,0,0,0.67,0,0,0,0.22,0.9,0.8,0,0.78,0,0,0,0,0,0,0,0,0,0,0,0,0,0,0,0,0,0,0,0,0,0,0,0,0,0,0,0,0,0,0,607,0,0,3,11.7,2.05,9.65,31,Frame_00031.png
0.96,0,0,0,0.95,0,0,0,0.26,0.82,0.37,0,0.88,0,0,0,0.42,0.15,-0.94,0,0.77,0,0,0,0,0,0,0,0,0,0,0,0,0,0,0,0,0,0,0,0,0,0,0,0,0,0,0,0,0,0,0,608.4,0,0,2.89,11.71,1.85,12.96,32,Frame_00032.png
0.17,0.34,-0.21,0,0,0.17,-0.54,0,0.78,0,0,0,0.63,0,0,0,0.38,0,0,0,0.64,0,0,0,0,0,0,0,0,0,0,0,0,0,0,0,0,0,0,0,0,0,0,0,0,0,0,0,0,0,0,0,614.9,0,0,3,11.69,1.05,12.96,33,Frame_00033.png
0.13,0.26,-0.48,0,0.67,0,0,0,0.73,0,0,0,0.36,0.14,0.04,0,0.9,0,0,0,0.99,0,0,0,0,0,0,0,0,0,0,0,0,0,0,0,0,0,0,0,0,0,0,0,0,0,0,0,0,0,0,0,615.1,0,0,2.33,11.74,0.2,12.96,34,Frame_00034.png
0.22,0.67,-0.55,0,0.97,0,0,0,0.78,0,0,0,0.72,0,0,0,0.41,0.93,0.65,0,0.94,0,0,0,0,0,0,0,0,0,0,0,0,0,0,0,0,0,0,0,0,0,0,0,0,0,0,0,0,0,0,0,619.7,0,0,2.02,11.69,2.75,11.26,35,Frame_00035.png
0.11,0,-0.51,0,0.61,0,0,0,0.61,0,0,0,0.35,0.86,0.32,0,0.05,0,0,0,0.26,0,0,0,0,0,0,0,0,0,0,0,0,0,0,0,0,0,0,0,0,0,0,0,0,0,0,0,0,0,0,0,620.7,0,0,2.61,12,1.6,11.37,36,Frame_00036.png
0.51,0.76,-0.32,0,0.67,0,0,0,0,0.3,-0.39,0,0.64,0,0,0,0.96,0,0,0,0.88,0.95,0.88,0,0.43,0,0,0,0,0,0,0,0,0,0,0,0,0,0,0,0,0,0,0,0,0,0,0,0,0,0,0,621.1,0,0,2.55,11.7,1.6,10.13,37,Frame_00037.png
0.98,0,0,0,0.94,0,0,0,0.76,0.6,0.41,0,0.59,0.73,-0.63,0,0.6,0,0,0,0.57,0,0,0,0,0,0,0,0,0,0,0,0,0,0,0,0,0,0,0,0,0,0,0,0,0,0,0,0,0,0,0,622.5,0,0,2.27,11.69,2.05,13.26,38,Frame_00038.png
0.36,0.23,-0.09,0,0.14,0,0,0,0.57,0.12,-0.34,0,0.46,0,0,0,0.9,0,0,0,0.45,0.29,-0.18,0,0.61,0,0,0,0,0,0,0,0,0,0,0,0,0,0,0,0,0,0,0,0,0,0,0,0,0,0,0,623.8,0,0,2.46,11.66,0.45,14.23,39,Frame_00039.png
0.14,0.91,-0.62,0,0.16,0.42,0.01,0,0.81,0,0,0,0.86,0,0,0,0.5,0,0,0,0.6,0,0,0,0,0,0,0,0,0,0,0,0,0,0,0,0,0,0,0,0,0,0,0,0,0,0,0,0,0,0,0,625.1,0,0,3,11.85,0.05,12.96,40,Frame_00040.png
0.18,0.68,-0.6,0,0.99,0,0,0,0.89,0,0,0,0.9,0,0,0,0.49,0.08,0.48,0,0.13,0,0,0,0,0,0,0,0,0,0,0,0,0,0,0,0,0,0,0,0,0,0,0,0,0,0,0,0,0,0,0,625.1,0,0,3,11.69,2.4,11.5,41,Frame_00041.png
0.1,0.06,-0.28,0,0.94,0,0,0,0.43,0.55,-0.06,0,0.12,0.64,-0.5,0,0.99,0,0,0,0.07,0,0,0,0.36,0,0,0,0,0,0,0,0,0,0,0,0,0,0,0,0,0,0,0,0,0,0,0,0,0,0,0,626.4,0,0,2.19,11.91,0.3,12.96,42,Frame_00042.png
0.13,0.78,-0.13,0,0.01,0.16,-0.97,0,0.83,0,0,0,0.67,0,0,0,0.37,0,0,0,0.68,0,0,0,0,0,0,0,0,0,0,0,0,0,0,0,0,0,0,0,0,0,0,0,0,0,0,0,0,0,0,0,629.2,0,0,2.72,11.96,0.65,12.96,43,Frame_00043.png
0.13,0.92,-0.23,0,0.71,0,0,0,0.76,0,0,0,0.17,0.24,-0.95,0,0.95,0,0,0,0.73,0,0,0,0,0,0,0,0,0,0,0,0,0,0,0,0,0,0,0,0,0,0,0,0,0,0,0,0,0,0,0,629.6,0,0,3,11.87,1.15,12.96,44,Frame_00044.png
0.49,0.7,0.14,0,0.37,0.36,-0.76,0,0.95,0,0,0,0.3,0,0,0,0.89,0,0,0,0.64,0,0,0,0,0,0,0,0,0,0,0,0,0,0,0,0,0,0,0,0,0,0,0,0,0,0,0,0,0,0,0,631.7,0,0,2.41,11.29,0.7,12.32,45,Frame_00045.png
1,0,0,0,0.93,0,0,0,0.1,0.87,0.2,0,0.7,0,0,0,0.7,0,0,0,0.98,0.55,-0.18,-0.75,0.21,0,0,0,0,0,0,0,0,0,0,0,0,0,0,0,0,0,0,0,0,0,0,0,0,0,0,0,633.3,0,0,2.49,11.92,0.9,12.96,46,Frame_00046.png
0.15,0.63,-0.23,0,0.17,0.02,-0.98,0,0.85,0,0,0,0.69,0,0,0,0.64,0,0,0,0.82,0.8,0.78,0,0.41,0,0,0,0,0,0,0,0,0,0,0,0,0,0,0,0,0,0,0,0,0,0,0,0,0,0,0,634.3,0,0,2.18,11.49,1.15,12.96,47,Frame_00047.png
0.99,0,0,0,0.38,0.17,-0.64,0,0.44,0,0,0,0.38,0.3,0.99,0,0.9,0,0,0,0.19,0,0,0,0,0,0,0,0,0,0,0,0,0,0,0,0,0,0,0,0,0,0,0,0,0,0,0,0,0,0,0,634.6,0,0,3,11.73,3.2,11.69,48,Frame_00048.png
0.11,0.36,-0.72,0,0.1,0.25,0.05,0,0.76,0,0,0,0.72,0,0,0,0.68,0,0,0,0.11,0,0,0,0,0,0,0,0,0,0,0,0,0,0,0,0,0,0,0,0,0,0,0,0,0,0,0,0,0,0,0,641.8,0,0,2.52,11.69,0.25,12.96,49,Frame_00049.png
0.1,0.59,-0.7,0,0.15,0.63,-0.06,0,0.82,0,0,0,0.41,0,0,0,0.58,0,0,0,0.07,0,0,0,0,0,0,0,0,0,0,0,0,0,0,0,0,0,0,0,0,0,0,0,0,0,0,0,0,0,0,0,642.4,0,0,3,11.69,0.3,12.96,50,Frame_00050.png
0.14,0.94,-0.79,0,0.97,0,0,0,0.81,0,0,0,0.7,0,0,0,0.36,0.31,0.13,0,0.34,0,0,0,0,0,0,0,0,0,0,0,0,0,0,0,0,0,0,0,0,0,0,0,0,0,0,0,0,0,0,0,642.7,0,0,3,11.9,0.65,12.45,51,Frame_00051.png
0.44,0.8,-0.04,0,0.33,0,0,0,0.02,0.89,0.12,0,0.99,0,0,0,0.11,0,0,0,0.46,0.36,-0.77,0,0.9,0,0,0,0,0,0,0,0,0,0,0,0,0,0,0,0,0,0,0,0,0,0,0,0,0,0,0,643.2,0,0,2.93,11.51,0.2,13.29,52,Frame_00052.png
0.98,0,0,0,0.76,0.64,-0.29,0,0.44,0,0,0,0.95,0,0,0,0.04,0.63,-0.74,0,0.1,0.42,0.78,0,0.63,0,0,0,0,0,0,0,0,0,0,0,0,0,0,0,0,0,0,0,0,0,0,0,0,0,0,0,645.2,0,0,2.17,11.16,1.45,12.23,53,Frame_00053.png
0.19,0.95,-0.61,0,0.94,0,0,0,0.26,0.29,-0.45,0,0.81,0,0,0,0.73,0,0,0,0.85,0,0,0,0,0,0,0,0,0,0,0,0,0,0,0,0,0,0,0,0,0,0,0,0,0,0,0,0,0,0,0,645.4,0,0,3,11.92,2.25,12.96,54,Frame_00054.png
0.2,0.39,-0.18,0,0.1,0.24,0.01,0,0.74,0,0,0,0.02,0.55,0.15,0,0.28,0,0,0,0.02,0,0,0,0.81,0.6,-0.97,0,0.16,0,0,0,0,0,0,0,0,0,0,0,0,0,0,0,0,0,0,0,0,0,0,0,646.4,0,0,2.19,11.39,0.05,17.73,55,Frame_00055.png
0.98,0,0,0,0.46,0.35,-0.12,0,0.12,0,0,0,0.23,0.79,-0.31,0,0.12,0.35,-0.58,0,0.92,0,0,0,0.87,0,0,0,0,0,0,0,0,0,0,0,0,0,0,0,0,0,0,0,0,0,0,0,0,0,0,0,647.6,0,0,3,10.72,0.6,13.48,56,Frame_00056.png
0.2,0.38,-0.78,0,0.62,0,0,0,0.62,0,0,0,0.6,0,0,0,0,0.11,0.17,0,0.9,0,0,0,0,0,0,0,0,0,0,0,0,0,0,0,0,0,0,0,0,0,0,0,0,0,0,0,0,0,0,0,648.5,0,0,3,11.69,0.85,12.38,57,Frame_00057.png
0.13,0.43,-0.75,0,0.98,0,0,0,0.17,0.11,-0.17,0,0.9,0,0,0,0.45,0,0,0,0.67,0,0,0,0,0,0,0,0,0,0,0,0,0,0,0,0,0,0,0,0,0,0,0,0,0,0,0,0,0,0,0,653.6,0,0,3,11.69,0.85,12.96,58,Frame_00058.png
0.16,0.38,-0.83,0,0.97,0,0,0,0.9,0,0,0,0.8,0,0,0,0.44,0.42,0.02,0,0.45,0,0,0,0,0,0,0,0,0,0,0,0,0,0,0,0,0,0,0,0,0,0,0,0,0,0,0,0,0,0,0,654.2,0,0,3,11.69,0.1,12.86,59,Frame_00059.png
0.29,0.78,-0.17,0,0.21,0,0,0,0.08,0.16,-0.24,0,0.16,0.81,-0.52,0,0.41,0,0,0,0,0,0,0,0.62,0,0,0,0,0,0,0,0,0,0,0,0,0,0,0,0,0,0,0,0,0,0,0,0,0,0,0,656.2,0,0,3.22,11.65,0.85,13.76,60,Frame_00060.png
0.98,0,0,0,0.37,0.41,-0.88,0,0.54,0,0,0,0.02,0.69,0.15,0,0.25,0,0,0,0.57,0,0,0,0,0,0,0,0,0,0,0,0,0,0,0,0,0,0,0,0,0,0,0,0,0,0,0,0,0,0,0,659.5,0,0,2.24,11.69,0.75,12.96,61,Frame_00061.png
0.15,0,-0.63,0,0.97,0,0,0,0.81,0,0,0,0.01,0.12,-0.54,0,0.01,0,0,0,0.31,0,0,0,0,0,0,0,0,0,0,0,0,0,0,0,0,0,0,0,0,0,0,0,0,0,0,0,0,0,0,0,663.8,0,0,3,12,2.7,12.96,62,Frame_00062.png
0.22,0.25,-0.73,0,0.69,0,0,0,0.71,0,0,0,0.4,0.72,-0.3,0,0.07,0,0,0,0.96,0,0,0,0,0,0,0,0,0,0,0,0,0,0,0,0,0,0,0,0,0,0,0,0,0,0,0,0,0,0,0,666.1,0,0,3,11.69,1.5,14.46,63,Frame_00063.png
0.16,0.93,-0.97,0,0.04,0.05,-0.12,0,0.84,0,0,0,0.61,0,0,0,0.75,0,0,0,0.53,0,0,0,0,0,0,0,0,0,0,0,0,0,0,0,0,0,0,0,0,0,0,0,0,0,0,0,0,0,0,0,668,0,0,2.45,11.89,0.6,13.61,64,Frame_00064.png
0.1,0.71,-0.99,0,0.68,0,0,0,0.03,0.8,-0.07,0,0.6,0,0,0,0.13,0,0,0,0.88,0,0,0,0,0,0,0,0,0,0,0,0,0,0,0,0,0,0,0,0,0,0,0,0,0,0,0,0,0,0,0,674.6,0,0,3,11.69,0.35,13.73,65,Frame_00065.png
0.96,0,0,0,1,0,0,0,0.62,0.61,-0.43,0,0.13,0.1,0.94,0,0.11,0,0,0,0.12,0.85,-0.68,0,0.65,0,0,0,0,0,0,0,0,0,0,0,0,0,0,0,0,0,0,0,0,0,0,0,0,0,0,0,675.3,0,0,3,11.96,1.27,15.1,66,Frame_00066.png
0.13,0.41,-0.89,0,0.11,0.45,-0.2,0,0.75,0,0,0,0.92,0,0,0,0.51,0,0,0,0.12,0,0,0,0,0,0,0,0,0,0,0,0,0,0,0,0,0,0,0,0,0,0,0,0,0,0,0,0,0,0,0,675.9,0,0,3,11.69,1,13.71,67,Frame_00067.png
0.2,0.24,-0.49,0,0.01,0.33,-0.98,0,0.82,0,0,0,0.46,0,0,0,0.43,0,0,0,0.93,0,0,0,0,0,0,0,0,0,0,0,0,0,0,0,0,0,0,0,0,0,0,0,0,0,0,0,0,0,0,0,683.2,0,0,2.36,11.69,2.45,14.87,68,Frame_00068.png
0.21,0.4,-0.9,0,0.7,0,0,0,0.61,0,0,0,0.02,0.74,-0.22,0,0.26,0,0,0,0.95,0,0,0,0,0,0,0,0,0,0,0,0,0,0,0,0,0,0,0,0,0,0,0,0,0,0,0,0,0,0,0,683.6,0,0,3,11.69,1.1,13.93,69,Frame_00069.png
0.09,0.09,-0.83,0,0.67,0,0,0,0.07,0.56,-0.42,0,0.57,0,0,0,0.9,0,0,0,0.84,0,0,0,0,0,0,0,0,0,0,0,0,0,0,0,0,0,0,0,0,0,0,0,0,0,0,0,0,0,0,0,693.5,0,0,3,11.86,2.1,14.37,70,Frame_00070.png
0.21,0.92,-0.88,0,0.94,0,0,0,0.84,0,0,0,0.03,0.19,-0.83,0,0.98,0,0,0,0.35,0,0,0,0,0,0,0,0,0,0,0,0,0,0,0,0,0,0,0,0,0,0,0,0,0,0,0,0,0,0,0,694.7,0,0,3,11.87,4.15,12.96,71,Frame_00071.png
0.16,0.73,-0.52,0,0.67,0,0,0,0.78,0,0,0,0.42,0.7,0.64,0,0.14,0,0,0,0.4,0.36,0.44,0,0.64,0.18,-0.87,0,0.6,0,0,0,0,0,0,0,0,0,0,0,0,0,0,0,0,0,0,0,0,0,0,0,695.9,0,0,2.35,11.77,2.2,11.11,72,Frame_00072.png
0.05,0.12,-0.58,0,0.92,0,0,0,0.12,0.68,-0.96,0,0.11,0,0,0,0.45,0,0,0,0.84,0,0,0,0,0,0,0,0,0,0,0,0,0,0,0,0,0,0,0,0,0,0,0,0,0,0,0,0,0,0,0,696.6,0,0,3,11.69,2.9,15,73,Frame_00073.png
0.22,0.3,-0.81,0,0.69,0,0,0,0.87,0,0,0,0.01,0.53,0.28,0,0.07,0,0,0,0.28,0.49,-0.71,0,0.84,0,0,0,0,0,0,0,0,0,0,0,0,0,0,0,0,0,0,0,0,0,0,0,0,0,0,0,701.2,0,0,2.4,11.69,1.4,12.96,74,Frame_00074.png
0.16,0.4,-0.82,0,0.1,0.14,-0.92,0,0.86,0,0,0,0.5,0,0,0,0.56,0,0,0,0.73,0,0,0,0,0,0,0,0,0,0,0,0,0,0,0,0,0,0,0,0,0,0,0,0,0,0,0,0,0,0,0,704.6,0,0,2.87,11.96,4.1,15.58,75,Frame_00075.png
0.26,0.81,-0.89,0,0.28,0.82,-0.74,0,0.95,0,0,0,0.41,0,0,0,0.57,0,0,0,0.38,0.5,0.37,0,0.11,0,0,0,0,0,0,0,0,0,0,0,0,0,0,0,0,0,0,0,0,0,0,0,0,0,0,0,715.4,0,0,3,11.54,1.85,11.43,76,Frame_00076.png
0.62,0.89,-0.26,0,0.61,0,0,0,0.3,0,0,0,0.09,0.83,-0.95,0,0.71,0.21,-0.86,0,0.62,0,0,0,0.6,0,0,0,0,0,0,0,0,0,0,0,0,0,0,0,0,0,0,0,0,0,0,0,0,0,0,0,726.4,0,0,2.06,11.73,1.3,18.5,77,Frame_00077.png
0.04,0.42,-0.72,0,0.7,0,0,0,0.64,0,0,0,0.89,0,0,0,0.99,0,0,0,0.26,0.95,-0.76,-0.46,0.69,0,0,0,0,0,0,0,0,0,0,0,0,0,0,0,0,0,0,0,0,0,0,0,0,0,0,0,750.1,0,0,2.85,11.69,2.3,12.96,78,Frame_00078.png
0.95,0,0,0,0.56,0.99,0.9,0,0.36,0.94,0.81,0,0.06,0,0,0,0.62,0.01,-0.89,0,0.23,0,0,0,0.06,0,0,0,0,0,0,0,0,0,0,0,0,0,0,0,0,0,0,0,0,0,0,0,0,0,0,0,826.6,0,0,2.85,11.98,2.55,14.6,79,Frame_00079.png
0.96,0,0,0,0.49,0.72,-0.89,0,0.2,0.77,-0.98,0,0.81,0.23,-0.86,0,0.82,0,0,0,0.21,0.8,-0.06,0,0.59,0.79,-0.7,0,0.48,0.58,-0.27,0,0.29,0,0,0,0.23,0,0,0,0,0,0,0,0,0,0,0,0,0,0,0,1113.7,0,0,2.09,11.67,0.3,16.94,80,Frame_00080.png
0.12,0.09,0.19,0,0.69,0,0,0,0.23,0.41,-0.01,0,0.15,0,0,0,0.12,0,0,0,0.62,0,0,0,0,0,0,0,0,0,0,0,0,0,0,0,0,0,0,0,0,0,0,0,0,0,0,0,0,0,0,0,560.4,1,0,3,11.86,0.05,12.96,81,Frame_00081.png
0.54,0.93,-0.31,0,0.66,0,0,0,0.37,0.05,0.2,0,0.86,0,0,0,0.69,0,0,0,0.12,0,0,0,0,0,0,0,0,0,0,0,0,0,0,0,0,0,0,0,0,0,0,0,0,0,0,0,0,0,0,0,596.2,1,0,2.51,11.86,1,9.65,82,Frame_00082.png
0.09,0.29,-0.21,0,0.69,0,0,0,0.61,0,0,0,0.29,0.08,-0.13,0,0.58,0,0,0,0.56,0,0,0,0,0,0,0,0,0,0,0,0,0,0,0,0,0,0,0,0,0,0,0,0,0,0,0,0,0,0,0,597.3,1,0,2.79,11.69,0.65,12.96,83,Frame_00083.png
0.29,0.46,-0.37,0,0.65,0,0,0,0.51,0.74,0.36,0,0.01,0,0,0,0.6,0,0,0,0.9,0,0,0,0,0,0,0,0,0,0,0,0,0,0,0,0,0,0,0,0,0,0,0,0,0,0,0,0,0,0,0,599.5,1,0,3,11.75,1.8,9.65,84,Frame_00084.png
0.09,0.3,0.22,0,0.66,0,0,0,0.88,0,0,0,0.03,0.15,-0.43,0,0.74,0.02,-0.25,0.49,0.52,0,0,0,0.87,0,0,0,0.77,0,0,0,0,0,0,0,0,0,0,0,0,0,0,0,0,0,0,0,0,0,0,0,611.7,1,0,2.42,12,1.1,14.14,85,Frame_00085.png
0.95,0,0,0,0.36,0.46,0.78,0,0.36,0,0,0,0.88,0.15,-0.95,0,0.1,0,0,0,0.16,0,0,0,0,0,0,0,0,0,0,0,0,0,0,0,0,0,0,0,0,0,0,0,0,0,0,0,0,0,0,0,617.6,1,0,2.17,11.69,1.62,12.96,86,Frame_00086.png
0.97,0,0,0,0.23,0.31,0.72,0,0.49,0,0,0,0.26,0,0,0,0.39,0.01,-0.97,0,0.58,0,0,0,0,0,0,0,0,0,0,0,0,0,0,0,0,0,0,0,0,0,0,0,0,0,0,0,0,0,0,0,622.6,1,0,2.1,11.69,1.79,12.96,87,Frame_00087.png
1,0,0,0,0.41,0.86,0.01,0,0.41,0,0,0,0.58,0,0,0,0.02,0.72,0.23,0,0.41,0.3,0.24,0,0.67,0.01,0.79,0,0.47,0,0,0,0,0,0,0,0,0,0,0,0,0,0,0,0,0,0,0,0,0,0,0,628.5,1,0,2.1,11.65,0.05,12.92,88,Frame_00088.png
0.59,0.74,-0.22,0,0.35,0,0,0,0.34,0.96,0.11,0,0.03,0,0,0,0.47,0.73,-0.33,0,0.43,0,0,0,0.46,0,0,0,0,0,0,0,0,0,0,0,0,0,0,0,0,0,0,0,0,0,0,0,0,0,0,0,628.6,1,0,2.11,11.6,0.55,9.65,89,Frame_00089.png
0.15,0.55,-0.05,0,0.31,0.83,-0.56,0,0.64,0,0,0,0.59,0,0,0,0.28,0,0,0,0.55,0,0,0,0,0,0,0,0,0,0,0,0,0,0,0,0,0,0,0,0,0,0,0,0,0,0,0,0,0,0,0,638.7,1,0,3,11.69,0.25,12.96,90,Frame_00090.png
0.17,0.44,0.17,0,0.31,0.98,-0.63,0,0.88,0,0,0,0.53,0,0,0,0.85,0,0,0,0.63,0,0,0,0,0,0,0,0,0,0,0,0,0,0,0,0,0,0,0,0,0,0,0,0,0,0,0,0,0,0,0,647.1,1,0,2.18,11.69,0.85,12.96,91,Frame_00091.png
0.99,0,0,0,0.04,0.29,-0.2,0,0.3,0.38,-0.74,0,0.02,0,0,0,0.15,0,0,0,0.96,0,0,0,0,0,0,0,0,0,0,0,0,0,0,0,0,0,0,0,0,0,0,0,0,0,0,0,0,0,0,0,651.7,1,0,3,11.69,1,12.96,92,Frame_00092.png
0.54,0.12,-0.56,0,1,0,0,0,0.59,0,0,0,0.14,0,0,0,0.67,0.13,0.22,0,0.84,0,0,0,0,0,0,0,0,0,0,0,0,0,0,0,0,0,0,0,0,0,0,0,0,0,0,0,0,0,0,0,660.4,1,0,2.56,11.98,1.1,10,93,Frame_00093.png
0.63,0.45,-0.55,0,0.63,0,0,0,0.63,0,0,0,0.93,0.63,0.85,0,0.18,0,0,0,0.5,0,0,0,0,0,0,0,0,0,0,0,0,0,0,0,0,0,0,0,0,0,0,0,0,0,0,0,0,0,0,0,660.8,1,0,3,11.91,2.75,11.2,94,Frame_00094.png
0.21,0.6,0.69,0,0.29,0,0,0,0.56,0,0,0,0.68,0.79,-0.86,0,0.66,0,0,0,0.81,0.12,0.4,0,0.32,0,0,0,0,0,0,0,0,0,0,0,0,0,0,0,0,0,0,0,0,0,0,0,0,0,0,0,668.7,1,0,2.39,11.85,1.92,12.96,95,Frame_00095.png
0.19,0.58,0.86,0,1,0,0,0,0.12,0.85,-0.7,0,0.39,0.71,0.55,0,0,0,0,0,0.86,0,0,0,0.53,0,0,0,0,0,0,0,0,0,0,0,0,0,0,0,0,0,0,0,0,0,0,0,0,0,0,0,674,1,0,2.26,11.32,1.45,10.26,96,Frame_00096.png
0.57,0.54,-0.76,0,0.99,0,0,0,0.51,0,0,0,0.34,0,0,0,0.55,0.89,0.24,0,0.37,0,0,0,0,0,0,0,0,0,0,0,0,0,0,0,0,0,0,0,0,0,0,0,0,0,0,0,0,0,0,0,686,1,0,3.06,11.98,1.2,10,97,Frame_00097.png
0.15,0.17,0.57,0,0.35,0.29,-0.44,0,0.67,0,0,0,0.4,0,0,0,0.31,0.69,0.12,0,0.24,0.1,-0.68,0,0.22,0,0,0,0.09,0,0,0,0,0,0,0,0,0,0,0,0,0,0,0,0,0,0,0,0,0,0,0,686.6,1,0,2.26,11.87,0.6,16.17,98,Frame_00098.png
0.83,0.33,-0.12,0,0.83,0,0,0,0.15,0.4,-0.94,0,0.3,0.01,-0.08,0,0.02,0,0,0,0.06,0,0,0,0.83,0,0,0,0,0,0,0,0,0,0,0,0,0,0,0,0,0,0,0,0,0,0,0,0,0,0,0,688.2,1,0,2.1,11.37,0.4,13.18,99,Frame_00099.png
0.02,0.55,0.58,0,0.69,0,0,0,0.09,0,0,0,0.42,0.68,0.38,0,0.36,0,0,0,1,0.22,-0.78,0,0.21,0,0,0,0,0,0,0,0,0,0,0,0,0,0,0,0,0,0,0,0,0,0,0,0,0,0,0,694.3,1,0,3,11.89,0.98,11.13,100,Frame_00100.png
0.5,0.9,-0.01,0,0.66,0,0,0,0.9,0,0,0,0.29,0,0,0,0.39,0.22,0.41,0,0.97,0.95,-0.99,0,0.95,0,0,0,0,0,0,0,0,0,0,0,0,0,0,0,0,0,0,0,0,0,0,0,0,0,0,0,695.5,1,0,3,11.78,0.05,13.01,101,Frame_00101.png
0.19,0.93,-0.77,0,0.61,0,0,0,0.01,0.31,-0.72,0,0.09,0,0,0,0.82,0.13,-0.1,0,0.79,0,0,0,0.91,0,0,0,0,0,0,0,0,0,0,0,0,0,0,0,0,0,0,0,0,0,0,0,0,0,0,0,700,1,0,2.83,11.89,0.5,15.56,102,Frame_00102.png
0.04,0.68,-0.64,0,0.68,0,0,0,0.03,0.48,-0.26,0,0.95,0.93,-0.29,0,0.54,0.82,0.76,0,0.56,0,0,0,0.9,0,0,0,0.71,0,0,0,0,0,0,0,0,0,0,0,0,0,0,0,0,0,0,0,0,0,0,0,701.7,1,0,2.42,11.3,1.3,11.48,103,Frame_00103.png
0.35,0.8,-0.76,0,0.64,0,0,0,0.77,0,0,0,0.88,0.96,-0.14,0,0.45,0,0,0,0.37,0,0,0,0,0,0,0,0,0,0,0,0,0,0,0,0,0,0,0,0,0,0,0,0,0,0,0,0,0,0,0,701.9,1,0,3,11.71,0.7,10.32,104,Frame_00104.png
0.95,0,0,0,0.18,0.36,-0.78,0,0.31,0.06,-0.5,0,0.02,0,0,0,0.87,0,0,0,0.76,0,0,0,0,0,0,0,0,0,0,0,0,0,0,0,0,0,0,0,0,0,0,0,0,0,0,0,0,0,0,0,703.7,1,0,2.6,11.69,2.5,12.96,105,Frame_00105.png
0.02,0.34,-0.2,0,0.77,0,0,0,0.71,0,0,0,0.38,0.35,-0.7,0,0.69,0,0,0,0.59,0,0,0,0,0,0,0,0,0,0,0,0,0,0,0,0,0,0,0,0,0,0,0,0,0,0,0,0,0,0,0,707.4,1,0,3,11.69,1,14.61,106,Frame_00106.png
0.48,0.63,-0.78,0,0.97,0,0,0,0.59,0,0,0,0.67,0,0,0,1,0.79,-0.23,0,0.38,0,0,0,0,0,0,0,0,0,0,0,0,0,0,0,0,0,0,0,0,0,0,0,0,0,0,0,0,0,0,0,714,1,0,3,11.64,1.15,10.7,107,Frame_00107.png
0.98,0,0,0,0.14,0.22,0.13,0,0.53,0,0,0,0.62,0,0,0,0.43,0.79,0.95,0,0.49,0.67,0.07,0,0.67,0,0,0,0,0,0,0,0,0,0,0,0,0,0,0,0,0,0,0,0,0,0,0,0,0,0,0,716.4,1,0,2.25,11.69,0.35,12.96,108,Frame_00108.png
0.97,0,0,0,0.73,0.34,-0.73,0,0.98,0,0,0,0.86,0,0,0,0.83,0.91,0.74,0,0.08,0.3,0.32,0,0.95,0,0,0,0,0,0,0,0,0,0,0,0,0,0,0,0,0,0,0,0,0,0,0,0,0,0,0,717,1,0,3,11.7,1.6,10,109,Frame_00109.png
0.95,0,0,0,0.29,0.25,0.32,0,0.99,0,0,0,0.01,0.75,0.73,0,0.04,0,0,0,0.68,0.97,0.29,0,0.01,0,0,0,0,0,0,0,0,0,0,0,0,0,0,0,0,0,0,0,0,0,0,0,0,0,0,0,719.6,1,0,2.31,11.7,1.45,13.19,110,Frame_00110.png
0.99,0,0,0,0.94,0,0,0,0.53,0.59,0.26,0,0.51,0.79,-0.59,0,0.95,0,0,0,0.99,0.28,-0.29,0,0.79,0,0,0,0,0,0,0,0,0,0,0,0,0,0,0,0,0,0,0,0,0,0,0,0,0,0,0,722.8,1,0,2.5,11.69,1.3,12.96,111,Frame_00111.png
0.2,0.45,-0.82,0,0.67,0,0,0,0.23,0.56,-0.91,0,0.05,0,0,0,0.09,0,0,0,0.59,0,0,0,0,0,0,0,0,0,0,0,0,0,0,0,0,0,0,0,0,0,0,0,0,0,0,0,0,0,0,0,722.9,1,0,2.15,11.69,4.1,12.96,112,Frame_00112.png
0.5,0.11,-0.97,0,0.61,0,0,0,0.17,0.75,-0.18,0,0.73,0.22,0.64,0,0.57,0,0,0,0.78,0,0,0,0.03,0.66,-0.6,0,0.58,0,0,0,0,0,0,0,0,0,0,0,0,0,0,0,0,0,0,0,0,0,0,0,723.7,1,0,2.04,11.96,0.9,11.74,113,Frame_00113.png
0.22,0.55,-0.83,0,0.34,0.63,0.12,0,0.68,0,0,0,0.02,0.53,-0.23,0,0.05,0,0,0,0.37,0,0,0,0.77,0.11,-0.44,0,0.78,0,0,0,0,0,0,0,0,0,0,0,0,0,0,0,0,0,0,0,0,0,0,0,724.8,1,0,2.57,11.27,0.6,16.19,114,Frame_00114.png
0.09,0.4,-0.18,0,0.94,0,0,0,0.82,0,0,0,0.11,0.89,-0.36,0,0.52,0,0,0,0.51,0.78,-0.31,0,0.23,0.27,-0.87,0,0.25,0,0,0,0,0,0,0,0,0,0,0,0,0,0,0,0,0,0,0,0,0,0,0,726.4,1,0,2.67,11.37,0.9,10.92,115,Frame_00115.png
0.97,0,0,0,0.52,0.99,0.15,0,0.23,0.79,-0.77,0,0.93,0,0,0,0.61,0,0,0,0.62,0,0,0,0,0,0,0,0,0,0,0,0,0,0,0,0,0,0,0,0,0,0,0,0,0,0,0,0,0,0,0,730.3,1,0,3,11.97,0.75,12.25,116,Frame_00116.png
0.21,0.96,0,0,0.68,0,0,0,0.08,0.87,-0.37,0,0.11,0,0,0,0.77,0.72,-0.39,0,0.45,0,0,0,0.07,0,0,0,0,0,0,0,0,0,0,0,0,0,0,0,0,0,0,0,0,0,0,0,0,0,0,0,740.5,1,0,3,11.94,1.85,14.8,117,Frame_00117.png
0.67,0.2,-0.93,0,0.49,0.07,0.72,0,0.34,0,0,0,0.44,0,0,0,0.56,0,0,0,0.97,0,0,0,0.5,0.02,-0.42,-0.52,0.06,0,0,0,0,0,0,0,0,0,0,0,0,0,0,0,0,0,0,0,0,0,0,0,745.1,1,0,2.93,11.93,2.1,10.47,118,Frame_00118.png
0.35,0.82,-0.43,0,0.45,0,0,0,0.11,0.59,-0.67,0,0.01,0,0,0,0.23,0,0,0,0.23,0.14,-0.99,0,0.52,0,0,0,0,0,0,0,0,0,0,0,0,0,0,0,0,0,0,0,0,0,0,0,0,0,0,0,753.7,1,0,2.88,11.9,2.15,14.41,119,Frame_00119.png
0.2,0.45,0.04,0,0.64,0,0,0,0.66,0,0,0,0.54,0,0,0,0.25,0.9,-0.22,0,0.8,0.38,-0.34,0,0.75,0,0,0,0,0,0,0,0,0,0,0,0,0,0,0,0,0,0,0,0,0,0,0,0,0,0,0,757.3,1,0,2.11,11.69,0.2,15.18,120,Frame_00120.png
0.49,0.44,-0.61,0,0.97,0,0,0,0.53,0,0,0,0.28,0,0,0,0.67,0.2,-0.82,0,0.06,0,0,0,0,0,0,0,0,0,0,0,0,0,0,0,0,0,0,0,0,0,0,0,0,0,0,0,0,0,0,0,766.6,1,0,3.21,11.97,3.05,13.68,121,Frame_00121.png
0.39,0.8,-0.07,0,0.71,0.54,-0.91,0,0.56,0.4,0.54,0,0.42,0,0,0,0.19,0.89,-0.04,0,0.07,0.03,-0.99,0,0.72,0,0,0,0.07,0,0,0,0.13,0,0,0,0,0,0,0,0,0,0,0,0,0,0,0,0,0,0,0,769,1,0,2.07,11.51,0.2,14.16,122,Frame_00122.png
0.5,0.96,-0.32,0,0.61,0,0,0,0.74,0.07,-0.59,0,0.99,0,0,0,0.74,0,0,0,0.72,0.88,0.79,0,0.09,0.3,0.8,0,0.16,0,0,0,0,0,0,0,0,0,0,0,0,0,0,0,0,0,0,0,0,0,0,0,771,1,0,2.7,11.9,1.6,10,123,Frame_00123.png
0.99,0,0,0,0.32,0.86,-0.69,0,0.5,0,0,0,0.13,0.07,0.29,0,0.93,0.75,-0.96,0,0.42,0.73,-0.78,0,0.41,0,0,0,0.18,0,0,0,0,0,0,0,0,0,0,0,0,0,0,0,0,0,0,0,0,0,0,0,772.2,1,0,2.63,11.77,1.45,14.74,124,Frame_00124.png
0.25,0.55,-0.6,0,0.54,0,0,0,0.13,0,0,0,0.13,0,0,0,0.76,0.66,-0.27,0,0.4,0,0,0,0,0,0,0,0,0,0,0,0,0,0,0,0,0,0,0,0,0,0,0,0,0,0,0,0,0,0,0,776.4,1,0,3,11.74,1.35,15.72,125,Frame_00125.png
0.04,0.64,0.85,0,0.7,0,0,0,0.67,0,0,0,0.64,0.25,-0.62,0,0.15,0.08,-0.43,0,0.93,0,0,0,0.81,0,0,0,0,0,0,0,0,0,0,0,0,0,0,0,0,0,0,0,0,0,0,0,0,0,0,0,788,1,0,3,11.87,2.15,12.96,126,Frame_00126.png
0.67,0.04,-0.68,0,0.96,0,0,0,0.69,0,0,0,0.33,0,0,0,0.53,0.08,-0.98,0,0.38,0,0,0,0,0,0,0,0,0,0,0,0,0,0,0,0,0,0,0,0,0,0,0,0,0,0,0,0,0,0,0,789.7,1,0,2.19,11.99,3.4,14.47,127,Frame_00127.png
0.98,0,0,0,0.95,0,0,0,0.25,0.78,-0.13,0,0.95,0,0,0,0.29,0.97,-0.97,0,0.79,0,0,0,0,0,0,0,0,0,0,0,0,0,0,0,0,0,0,0,0,0,0,0,0,0,0,0,0,0,0,0,844.9,1,0,3,11.96,0.65,17.47,128,Frame_00128.png
0.97,0,0,0,0.07,0.13,0.03,0,0.29,0.39,-0.14,0,0.02,0,0,0,0.54,0.17,-0.25,0,0.81,0,0,0,0.87,0,0,0,0,0,0,0,0,0,0,0,0,0,0,0,0,0,0,0,0,0,0,0,0,0,0,0,596.3,2,0,3,11.69,0.15,12.96,129,Frame_00129.png
0.38,0.86,-0.26,0,0.45,0.75,-0.13,0,0.37,0,0,0,0.56,0,0,0,0.08,0,0,0,0.16,0,0,0,0,0,0,0,0,0,0,0,0,0,0,0,0,0,0,0,0,0,0,0,0,0,0,0,0,0,0,0,603.4,2,0,3,11.65,0.65,9.65,130,Frame_00130.png
0.56,0.74,0.15,0,0.58,0.64,0.43,0,0.96,0.3,-0.66,0,0.07,0,0,0,0.07,0,0,0,0.66,0,0,0,0.59,0,0,0,0,0,0,0,0,0,0,0,0,0,0,0,0,0,0,0,0,0,0,0,0,0,0,0,609.3,2,0,2.81,11.38,0.75,12.27,131,Frame_00131.png
0.98,0,0,0,0.14,0.27,0.64,0,0.42,0,0,0,0.5,0,0,0,0.53,0.51,-0.29,0,0.14,0,0,0,0,0,0,0,0,0,0,0,0,0,0,0,0,0,0,0,0,0,0,0,0,0,0,0,0,0,0,0,616,2,0,3,11.69,1.45,12.96,132,Frame_00132.png
0.18,0.48,0.4,0,0.72,0,0,0,0.69,0,0,0,0.09,0.84,-0.55,0,0.34,0,0,0,0.04,0,0,0,0,0,0,0,0,0,0,0,0,0,0,0,0,0,0,0,0,0,0,0,0,0,0,0,0,0,0,0,638.2,2,0,2.38,11.69,2,12.96,133,Frame_00133.png
0.21,0.32,0.9,0,0.62,0,0,0,0.32,0,0,0,0.92,0,0,0,0.73,1,-0.58,0,0.26,0.34,0.33,0,0.03,0,0,0,0,0,0,0,0,0,0,0,0,0,0,0,0,0,0,0,0,0,0,0,0,0,0,0,640.4,2,0,3,12,1.34,9.65,134,Frame_00134.png
0.99,0,0,0,0.27,0.67,0.65,0,0.41,0,0,0,0.02,0.35,-0.84,0,0.99,0,0,0,0.5,0.58,0.58,0,0.57,0,0,0,0,0,0,0,0,0,0,0,0,0,0,0,0,0,0,0,0,0,0,0,0,0,0,0,641.7,2,0,2.28,11.69,0.88,12.97,135,Frame_00135.png
0.43,0.88,0,0,0.63,0,0,0,0.42,0.98,0.94,0,0.21,0.52,0.73,0,0.32,0,0,0,0.67,0,0,0,0.28,0,0,0,0,0,0,0,0,0,0,0,0,0,0,0,0,0,0,0,0,0,0,0,0,0,0,0,654.5,2,0,2.44,11.92,3.65,9.65,136,Frame_00136.png
0.17,0.27,0.78,0,0.94,0,0,0,0.35,0.86,-0.92,0,0.55,0,0,0,0.81,0,0,0,0.6,0,0,0,0,0,0,0,0,0,0,0,0,0,0,0,0,0,0,0,0,0,0,0,0,0,0,0,0,0,0,0,655.7,2,0,2.07,11.69,1.59,12.96,137,Frame_00137.png
0.57,0.89,0.15,0,0.62,0,0,0,0.78,0.56,-0.09,0,0.66,0.04,-0.39,0,0.3,0,0,0,0.92,0,0,0,0.4,0,0,0,0,0,0,0,0,0,0,0,0,0,0,0,0,0,0,0,0,0,0,0,0,0,0,0,656.4,2,0,3,11.91,0.45,12.61,138,Frame_00138.png
0.04,0.12,-0.41,0,0.66,0,0,0,0.62,0,0,0,0.43,0.1,-0.19,0.78,0.7,0.36,0.54,0,0.54,0,0,0,0.33,0,0,0,0.6,0.45,-0.27,0,0.45,0,0,0,0,0,0,0,0,0,0,0,0,0,0,0,0,0,0,0,662.1,2,0,2,12,0.95,13.05,139,Frame_00139.png
0.97,0,0,0,0.32,0.06,-0.41,0,0.98,0,0,0,0.85,0.84,0.09,0,0.25,0.21,0.61,0,0.02,0,0,0,0.62,0,0,0,0,0,0,0,0,0,0,0,0,0,0,0,0,0,0,0,0,0,0,0,0,0,0,0,663.1,2,0,3,11.91,0.45,12.61,140,Frame_00140.png
0.61,0.9,0.13,0,0.67,0,0,0,0.9,0,0,0,0.02,0.87,-0.39,0,0.42,0,0,0,0.67,0,0,0,0,0,0,0,0,0,0,0,0,0,0,0,0,0,0,0,0,0,0,0,0,0,0,0,0,0,0,0,673.1,2,0,3,11.75,0.65,12.35,141,Frame_00141.png
0.59,0.2,-0.25,0,0.33,0,0,0,0.48,0,0,0,0.01,0.85,0.02,0,0.96,0,0,0,0.73,0.21,0.29,0,0.67,0,0,0,0,0,0,0,0,0,0,0,0,0,0,0,0,0,0,0,0,0,0,0,0,0,0,0,676.9,2,0,2.93,11.19,0.1,12.7,142,Frame_00142.png
0.97,0,0,0,0.23,0.57,0.82,0,0.35,0,0,0,0.42,0,0,0,0.84,0.69,0.21,0,0.13,0.92,-0.66,0,0.36,0.92,-0.95,0,0.99,0,0,0,0,0,0,0,0,0,0,0,0,0,0,0,0,0,0,0,0,0,0,0,680.4,2,0,2.08,11.3,1.05,12.92,143,Frame_00143.png
0.14,0.68,0.57,0,0.24,0.01,-0.73,0,0.75,0,0,0,0.5,0,0,0,0.65,0.6,-0.49,0,0.92,0,0,0,0.95,0,0,0,0,0,0,0,0,0,0,0,0,0,0,0,0,0,0,0,0,0,0,0,0,0,0,0,683.9,2,0,2.1,11.69,2.39,12.96,144,Frame_00144.png
0.2,0.89,0.45,0,0.66,0,0,0,0.37,0.25,-0.6,0,0.58,0,0,0,0.74,0,0,0,0.2,0.66,0.45,0,0.82,0.66,-0.02,0,0.24,0,0,0,0,0,0,0,0,0,0,0,0,0,0,0,0,0,0,0,0,0,0,0,684.3,2,0,2.61,11.84,0.1,9.65,145,Frame_00145.png
0.48,0.94,-0.02,0,0.25,0,0,0,0.45,0,0,0,0.83,0,0,0,0.51,0.11,0.05,0,0.01,0.05,-0.93,0,0.56,0,0,0,0,0,0,0,0,0,0,0,0,0,0,0,0,0,0,0,0,0,0,0,0,0,0,0,686.4,2,0,3,11.87,0.1,13.06,146,Frame_00146.png
0.23,0.99,-0.08,0,0.99,0,0,0,0.93,0,0,0,0.72,0,0,0,0.91,0,0,0,0.6,0.04,-0.54,0.31,0.17,0.93,-0.69,0,0.06,0,0,0,0,0,0,0,0,0,0,0,0,0,0,0,0,0,0,0,0,0,0,0,688.3,2,0,2.67,12,0.4,13.76,147,Frame_00147.png
0.19,0.67,0.63,0,0.72,0,0,0,0.24,0,0,0,0.15,0,0,0,0.95,0.86,0.41,0,0.02,0.42,-0.35,0,0.65,0.55,-0.68,0,0.87,0,0,0,0,0,0,0,0,0,0,0,0,0,0,0,0,0,0,0,0,0,0,0,690.9,2,0,2.61,11.69,1.75,12.96,148,Frame_00148.png
0.47,0.75,-0.28,0,0.23,0,0,0,0.23,0.94,-0.92,0,0.03,0,0,0,0.05,0,0,0,0.28,0.48,0.99,0,0.25,0,0,0,0,0,0,0,0,0,0,0,0,0,0,0,0,0,0,0,0,0,0,0,0,0,0,0,711.8,2,0,3,11.98,1.4,9.97,149,Frame_00149.png
0.42,0.22,-0.29,0,0.4,0,0,0,0.46,0,0,0,0.79,0.89,-0.52,0,0.31,0.54,-0.22,0,0.66,0,0,0,0.29,0,0,0,0,0,0,0,0,0,0,0,0,0,0,0,0,0,0,0,0,0,0,0,0,0,0,0,719.4,2,0,2.13,11.71,1.1,15.29,150,Frame_00150.png
0.57,0.46,-0.01,0,0.29,0.83,0.94,0,0.17,0.25,-0.36,0,0.03,0,0,0,0.37,0,0,0,0.64,0.39,-0.68,0,0.15,0,0,0,0.93,0,0,0,0,0,0,0,0,0,0,0,0,0,0,0,0,0,0,0,0,0,0,0,719.8,2,0,2.45,11.88,0.05,13.01,151,Frame_00151.png
0.96,0,0,0,0.56,0.46,-0.91,0,0.84,0.09,-0.16,0,0.34,0,0,0,0.49,0,0,0,0.82,0,0,0,0,0,0,0,0,0,0,0,0,0,0,0,0,0,0,0,0,0,0,0,0,0,0,0,0,0,0,0,727.2,2,0,3,11.9,0.8,10.31,152,Frame_00152.png
0.18,0.55,-0.83,0,0.71,0,0,0,0.81,0,0,0,0.25,0.7,-0.08,0,0.3,0.25,-0.32,0,0.15,0,0,0,0.17,0,0,0,0,0,0,0,0,0,0,0,0,0,0,0,0,0,0,0,0,0,0,0,0,0,0,0,727.4,2,0,2.63,11.99,0.4,14.33,153,Frame_00153.png
0.39,0.93,0.04,0,0.63,0,0,0,0.29,0,0,0,0.97,0.37,-0.65,0,0.27,0,0,0,0.44,0,0,0,0,0,0,0,0,0,0,0,0,0,0,0,0,0,0,0,0,0,0,0,0,0,0,0,0,0,0,0,732.1,2,0,3,11.85,0.2,15.57,154,Frame_00154.png
0.97,0,0,0,0.58,0.77,-0.41,0,0.45,0,0,0,0.99,0,0,0,0.14,0.31,-0.92,0,0.4,0.85,0.65,0,0.03,0.43,0.21,0,0.73,0,0,0,0,0,0,0,0,0,0,0,0,0,0,0,0,0,0,0,0,0,0,0,735,2,0,2.05,11.87,1.05,9.65,155,Frame_00155.png
0.38,0.47,-0.27,0,0.11,0,0,0,0.38,0.99,-0.67,0,0.93,0,0,0,0.06,0,0,0,0.42,0.68,-0.52,0,0.84,0,0,0,0,0,0,0,0,0,0,0,0,0,0,0,0,0,0,0,0,0,0,0,0,0,0,0,744.2,2,0,2.06,11.57,1.35,14.17,156,Frame_00156.png
0.44,0.41,-0.22,0,0.65,0,0,0,0.12,0,0,0,0.29,0.19,-0.76,0,0.18,0.96,-0.95,0,0.66,0,0,0,0.32,0,0,0,0,0,0,0,0,0,0,0,0,0,0,0,0,0,0,0,0,0,0,0,0,0,0,0,750.2,2,0,2.97,11.97,1.1,18.06,157,Frame_00157.png
0.09,0.02,0.05,0,0.01,0.26,0.4,0,0.22,0,0,0,0.81,0,0,0,0.03,0,0,0,0.57,0.45,-0.6,0,0.01,0.98,0.49,0,0.38,0,0,0,0,0,0,0,0,0,0,0,0,0,0,0,0,0,0,0,0,0,0,0,755.8,2,0,2.13,11.97,0.25,12.57,158,Frame_00158.png
0.16,0.51,-0.58,0,0.94,0,0,0,0.61,0.17,-0.88,0,0.53,0,0,0,0.17,0.85,0.41,0,0.63,0,0,0,0.66,0,0,0,0,0,0,0,0,0,0,0,0,0,0,0,0,0,0,0,0,0,0,0,0,0,0,0,770,2,0,2.38,11.94,2.05,15.06,159,Frame_00159.png
0.1,0.87,-0.09,0,0.12,0.03,0.22,0,0.34,0,0,0,0.73,0.28,-0.7,0,0.75,0.55,-0.55,0,0.89,0.9,0.91,0,0.86,0,0,0,0.11,0,0,0,0.14,0,0,0,0,0,0,0,0,0,0,0,0,0,0,0,0,0,0,0,776,2,0,2.27,11.79,0.45,12.96,160,Frame_00160.png
0.52,0.34,-0.9,0,0.96,0,0,0,0.56,0,0,0,0.13,0,0,0,0.8,0.44,0.91,0,0.06,0.54,-0.96,0,0.78,0,0,0,0,0,0,0,0,0,0,0,0,0,0,0,0,0,0,0,0,0,0,0,0,0,0,0,777.2,2,0,3.26,11.93,4.5,10,161,Frame_00161.png
0.13,0.32,-0.42,0,0.69,0,0,0,0.86,0,0,0,0.31,0.37,-0.43,0,0.2,0.15,-0.85,0,0.24,0,0,0,0.71,0,0,0,0,0,0,0,0,0,0,0,0,0,0,0,0,0,0,0,0,0,0,0,0,0,0,0,783.8,2,0,3,11.92,2.1,16.98,162,Frame_00162.png
0.95,0,0,0,0.04,0.6,0.36,0,0.19,0.47,0.3,0,0.44,0,0,0,0.43,0.61,-0.76,0,0.05,0,0,0,0.87,0,0,0,0.52,0.23,-0.55,-0.58,0.55,0,0,0,0,0,0,0,0,0,0,0,0,0,0,0,0,0,0,0,788.9,2,0,3,11.26,1.5,10.15,163,Frame_00163.png
0.67,0.08,-0.28,0,0.81,0.14,-0.68,0,0.4,0,0,0,0.45,0.49,0.02,0,0.76,0,0,0,0.71,0.98,-0.14,0,0.94,0,0,0,0.88,0,0,0,0.83,0.58,-0.76,-0.71,0.26,0,0,0,0,0,0,0,0,0,0,0,0,0,0,0,791.1,2,0,2.24,11.97,0.1,14.24,164,Frame_00164.png
0.51,0.35,-0.78,0,0.97,0,0,0,0.58,0,0,0,0.14,0,0,0,0.13,0,0,0,0.8,0.08,-0.43,-0.56,0.92,0,0,0,0,0,0,0,0,0,0,0,0,0,0,0,0,0,0,0,0,0,0,0,0,0,0,0,800.4,2,0,3,12,1.6,12.36,165,Frame_00165.png
0.19,0.76,-0.37,0,0.63,0,0,0,0.84,0,0,0,0.02,0.3,0.75,0,0.11,0,0,0,0.94,0.14,0.15,0,0.96,0.45,-0.63,0,0.96,0.36,-0.42,0,0.21,0.18,0.7,0,0.56,0,0,0,0,0,0,0,0,0,0,0,0,0,0,0,818.7,2,0,2.01,11.69,0.75,15.04,166,Frame_00166.png
0.69,0.27,-0.88,-0.54,0.69,0,0,0,0.67,0,0,0,0.98,0,0,0,0.6,0,0,0,0.83,0.72,-0.37,0,0.55,0,0,0,0,0,0,0,0,0,0,0,0,0,0,0,0,0,0,0,0,0,0,0,0,0,0,0,820.3,2,0,2.06,12,1.85,14.54,167,Frame_00167.png
0.97,0,0,0,0.1,0.57,0.89,0,0.49,0,0,0,0.14,0.27,-0.74,0,0.6,0,0,0,0.99,0.38,0.84,0,0.11,0.68,0.84,0,0.73,0,0,0,0,0,0,0,0,0,0,0,0,0,0,0,0,0,0,0,0,0,0,0,825.2,2,0,2.95,11.9,3.7,12.96,168,Frame_00168.png
0.97,0,0,0,0.54,0.79,0,0,0.5,0.17,0.75,0,0.04,0.05,0.83,0,0.6,0.78,-0.19,0,0.85,0,0,0,0.82,0,0,0,0.01,0.66,-0.47,0,0.48,0.76,0.99,0,0.41,0,0,0,0,0,0,0,0,0,0,0,0,0,0,0,831.6,2,0,2.56,11.82,0.95,13.91,169,Frame_00169.png
0.45,0.52,-0.61,0,0.45,0,0,0,0.21,0,0,0,0.05,0,0,0,0.69,0.18,-0.47,0,0.99,0,0,0,0.01,0.55,-0.54,-0.29,0.66,0,0,0,0,0,0,0,0,0,0,0,0,0,0,0,0,0,0,0,0,0,0,0,855.3,2,0,2.91,11.94,1.45,18.29,170,Frame_00170.png
0.42,0.87,0,0,0.07,0,0,0,0.4,0,0,0,0.24,0.57,-0.53,0,0.76,0.65,0.15,0,0.28,0.44,-0.37,0.44,0.17,0,0,0,0.25,0,0,0,0.16,0,0,0,0,0,0,0,0,0,0,0,0,0,0,0,0,0,0,0,862.2,2,0,2.89,10.98,0.75,14.07,171,Frame_00171.png
0.17,0.28,-0.16,0,0.21,0.91,0.46,0,0.87,0,0,0,0.9,0.52,0.99,-0.82,0.62,0,0,0,0.48,0,0,0,0.63,0,0,0,0.16,0,0,0,0,0,0,0,0,0,0,0,0,0,0,0,0,0,0,0,0,0,0,0,909.9,2,0,3.31,11.56,0.8,16.72,172,Frame_00172.png
0.61,0.2,-0.99,0,0.23,0.3,0.43,0,0.27,0.07,-0.87,0,0.99,0,0,0,0.57,0.22,0.23,0.8,0.02,0.79,-0.4,0,0.1,0,0,0,0.13,0,0,0,0.56,0,0,0,0.06,0.62,0.38,0,0.56,0,0,0,0,0,0,0,0,0,0,0,910.5,2,0,2.7,11.85,1.15,13.4,173,Frame_00173.png
0.47,0.59,-0.26,0,0.17,0,0,0,0.17,0.39,0.65,0,0.17,0.72,-0.42,0,0.25,0,0,0,0.63,0.73,-0.52,0,0.76,0,0,0,0.62,0.63,0.84,0,0.91,0,0,0,0,0,0,0,0,0,0,0,0,0,0,0,0,0,0,0,917.2,2,0,2.57,11.55,1.3,16.74,174,Frame_00174.png
0.35,0.38,-0.4,0,0.08,0.3,-0.3,0,0.33,0,0,0,0.67,0.52,-0.96,0,0.57,0.25,-0.89,0,0.01,0.64,-0.77,0,0.42,0,0,0,0.65,0,0,0,0.47,0,0,0,0,0,0,0,0,0,0,0,0,0,0,0,0,0,0,0,941,2,0,3,10.77,1.5,18.37,175,Frame_00175.png
0.44,0.71,-0.61,0,0.29,0.3,-0.65,0,0.56,0.75,-0.34,-0.49,0.78,0,0,0,0.77,0,0,0,0.48,0,0,0,0.64,0,0,0,0.28,0.28,0.59,0,0.94,0.03,-0.94,0,0.24,0.28,-0.38,0,0.28,0,0,0,0,0,0,0,0,0,0,0,945.2,2,0,2.08,11.61,1.04,13.94,176,Frame_00176.png
0.1,0.11,0.2,0,0.47,0.98,-0.67,0,0.08,0.61,-0.77,0,0.2,0,0,0,0.61,0,0,0,0.7,0.99,-0.86,0,0.35,0,0,0,0.97,0,0,0,0,0,0,0,0,0,0,0,0,0,0,0,0,0,0,0,0,0,0,0,1088.4,2,0,3.15,11.98,1,17.22,177,Frame_00177.png
0.01,0.62,-0.99,0,0.99,0,0,0,0.79,0,0,0,0.11,0.19,-0.64,0,0.92,0,0,0,0.35,0.87,0.83,0,0.77,0,0,0,0.08,0.57,-0.37,-0.46,0.08,0,0,0,0,0,0,0,0,0,0,0,0,0,0,0,0,0,0,0,1111.8,2,0,2.88,11.64,1.85,21.15,178,Frame_00178.png
0.12,0.58,0.32,0,0.64,0,0,0,0.76,0,0,0,0.52,0,0,0,0.76,0,0,0,0.64,0.66,0.24,0.34,0.89,0,0,0,0,0,0,0,0,0,0,0,0,0,0,0,0,0,0,0,0,0,0,0,0,0,0,0,581.9,3,0,3,11.69,1.2,12.96,179,Frame_00179.png
0.14,0.09,-0.09,0,0.21,0.99,0.34,0,0.28,0,0,0,0.5,0,0,0,0.33,0,0,0,0.71,0.51,-0.14,0,0.56,0,0,0,0,0,0,0,0,0,0,0,0,0,0,0,0,0,0,0,0,0,0,0,0,0,0,0,607.8,3,0,2.5,11.92,0.45,10.16,180,Frame_00180.png
0.57,0.54,-0.3,0,0.19,0,0,0,0.45,0,0,0,0.68,0,0,0,0.79,0.49,-0.36,0,0.9,0.11,0.95,0,0.45,0.92,0.44,0,0.44,0,0,0,0,0,0,0,0,0,0,0,0,0,0,0,0,0,0,0,0,0,0,0,656.3,3,0,3,11.61,1.5,9.65,181,Frame_00181.png
0.22,0.51,0.84,0,0.65,0,0,0,0.61,0,0,0,0.75,0.71,0,0,0.32,0.4,-0.34,0,0.93,0,0,0,0.32,0,0,0,0,0,0,0,0,0,0,0,0,0,0,0,0,0,0,0,0,0,0,0,0,0,0,0,662,3,0,3,11.69,1.47,13.07,182,Frame_00182.png
0.23,0.03,-0.39,0,0.33,0.9,0.06,0,0.08,0.79,0.01,0,0.08,0,0,0,0.18,0,0,0,0.8,0,0,0,0.5,0,0,0,0.47,0.61,0.56,0.8,0.6,0,0,0,0,0,0,0,0,0,0,0,0,0,0,0,0,0,0,0,662.5,3,0,3,11.95,0.05,12.96,183,Frame_00183.png
0.55,0.95,0.05,0,0.57,0.09,-0.36,0,0.3,0,0,0,0.97,0,0,0,0.42,0.69,-0.33,0,0.7,0.18,0.97,0,0,0,0,0,0.77,0.72,-0.27,0,0.43,0,0,0,0,0,0,0,0,0,0,0,0,0,0,0,0,0,0,0,663.1,3,0,2.43,11.87,0.25,12.73,184,Frame_00184.png
0.48,0.55,0.11,0,0.65,0,0,0,0.83,0,0,0,0.09,0.46,0.54,0,0.22,0,0,0,0.08,0.86,0.16,0,0.69,0.49,-0.6,0,0.83,0,0,0,0,0,0,0,0,0,0,0,0,0,0,0,0,0,0,0,0,0,0,0,672.6,3,0,2.93,10.99,0.55,12.47,185,Frame_00185.png
0.6,0.78,-0.23,0,0.35,0,0,0,0.17,0.93,-0.39,0,0.91,0,0,0,0.99,0,0,0,0.86,0.58,0.52,0.84,0.98,0,0,0,0.1,0,0,0,0,0,0,0,0,0,0,0,0,0,0,0,0,0,0,0,0,0,0,0,676.3,3,0,2.77,11.65,1.15,8.56,186,Frame_00186.png
0.61,0.38,0.14,0,0.62,0,0,0,0.49,0.19,0.59,0,0.86,0.47,0.04,0,0.2,0.46,-0.52,0,0.73,0,0,0,0.12,0.11,-0.54,0,0.74,0,0,0,0.98,0,0,0,0,0,0,0,0,0,0,0,0,0,0,0,0,0,0,0,702.5,3,0,2.33,11.97,0.2,10.68,187,Frame_00187.png
0.95,0,0,0,0.51,0.62,-0.99,0,0.84,0.32,0.03,0,0.91,0.83,0.03,0,0.1,0.04,0,0,0.89,0,0,0,0.46,0,0,0,0.97,0,0,0,0,0,0,0,0,0,0,0,0,0,0,0,0,0,0,0,0,0,0,0,711,3,0,2.08,11.55,0.15,9.81,188,Frame_00188.png
0.99,0,0,0,0.96,0,0,0,0.18,0.03,0.4,0,0.45,0.74,-0.73,0,0.72,0.35,0.83,0,0.39,0,0,0,0.39,0,0,0,0,0,0,0,0,0,0,0,0,0,0,0,0,0,0,0,0,0,0,0,0,0,0,0,718.2,3,0,2.44,11.99,1.32,12.96,189,Frame_00189.png
0,0.18,-0.71,0,0.7,0,0,0,0.64,0,0,0,0.05,0.54,0.24,0,0.91,0.73,-0.51,0,0.42,0,0,0,0.11,0,0,0,0,0,0,0,0,0,0,0,0,0,0,0,0,0,0,0,0,0,0,0,0,0,0,0,720,3,0,2.99,11.69,1.2,16.62,190,Frame_00190.png
0.96,0,0,0,0.6,0.79,-0.09,0,0.49,0,0,0,0.95,0,0,0,0.8,0.45,0.19,0,0.89,0.2,-0.31,0,0.06,0.16,-0.82,0,0.39,0,0,0,0,0,0,0,0,0,0,0,0,0,0,0,0,0,0,0,0,0,0,0,722.1,3,0,3,11.83,0.45,14.17,191,Frame_00191.png
0.98,0,0,0,0.55,0.29,-0.66,0,0.09,0.11,-0.58,0,0.47,0,0,0,0.85,0,0,0,0.73,0.22,0.77,0,0.12,0.47,0.55,0.24,0.95,0,0,0,0.77,0,0,0,0,0,0,0,0,0,0,0,0,0,0,0,0,0,0,0,722.2,3,0,2.28,11.99,1.2,10.5,192,Frame_00192.png
0.97,0,0,0,0.14,0.19,0.38,0,0.4,0,0,0,0.91,0.42,-0.44,0,0.42,0,0,0,0.79,0.55,0.22,0,0.94,0,0,0,0,0,0,0,0,0,0,0,0,0,0,0,0,0,0,0,0,0,0,0,0,0,0,0,725.4,3,0,2.79,11.7,1.1,14.29,193,Frame_00193.png
0.95,0,0,0,0.49,0.12,-0.8,0,0.95,0,0,0,0.75,0,0,0,0.79,0.3,0.9,0,0.46,0.6,-0.08,0,0.4,0,0,0,0,0,0,0,0,0,0,0,0,0,0,0,0,0,0,0,0,0,0,0,0,0,0,0,732.9,3,0,2.56,11.05,0.4,10,194,Frame_00194.png
0.64,0.93,0.03,0,0.66,0,0,0,0.17,0.79,-0.25,0,0.16,0.66,-0.54,0,0.23,0.69,0.49,0.02,0.19,0,0,0,0.52,0,0,0,0.01,0,0,0,0.54,0,0,0,0,0,0,0,0,0,0,0,0,0,0,0,0,0,0,0,736.1,3,0,2.35,12,0.1,12.08,195,Frame_00195.png
0.99,0,0,0,0.73,0.44,-0.18,0,0.47,0,0,0,0.57,0.78,0.26,0,0.98,0.84,-0.73,0,0.76,0,0,0,0.07,0.61,0.42,0,0.46,0.03,-0.53,0,0.92,0,0,0,0,0,0,0,0,0,0,0,0,0,0,0,0,0,0,0,737.3,3,0,2.89,11.81,0.9,10.46,196,Frame_00196.png
0.85,0.34,-0.93,0,0.1,0.62,0.49,0,0.55,0,0,0,0.7,0,0,0,0.58,0,0,0,0.49,0.17,0.05,0,0.64,0,0,0,0,0,0,0,0,0,0,0,0,0,0,0,0,0,0,0,0,0,0,0,0,0,0,0,748.2,3,0,3.58,11.43,0.25,12.96,197,Frame_00197.png
0.59,0.65,-0.83,0,0.2,0.68,-0.42,0,0.84,0,0,0,0.47,0,0,0,0.32,0,0,0,0.17,0.36,0.49,0,0.91,0.7,0.79,0,0.39,0,0,0,0,0,0,0,0,0,0,0,0,0,0,0,0,0,0,0,0,0,0,0,758.7,3,0,2.11,11.87,2.1,12.06,198,Frame_00198.png
0.18,0.7,0.33,0,0.66,0,0,0,0.77,0,0,0,0.38,0.93,-0.49,0,0.03,0,0,0,0.27,0.86,0.72,0,0.95,0,0,0,0,0,0,0,0,0,0,0,0,0,0,0,0,0,0,0,0,0,0,0,0,0,0,0,758.8,3,0,3,11.69,1.65,12.96,199,Frame_00199.png
0.54,0.68,0.53,0,0.66,0,0,0,0.41,0.41,0.62,0,0.41,0,0,0,0.89,0,0,0,0.98,0.15,0.47,0,0.39,0.65,0.97,0,0.68,0.55,0.23,0,0.65,0,0,0,0,0,0,0,0,0,0,0,0,0,0,0,0,0,0,0,760.5,3,0,3,11.99,1.15,10.58,200,Frame_00200.png
0.41,0.37,-0.86,0,0.73,0.91,-0.32,0,0.94,0,0,0,0.78,0,0,0,0.42,0,0,0,0.09,0,0,0,0.07,0.76,-0.05,0.26,0.5,0.46,0.45,0,0.58,0,0,0,0,0,0,0,0,0,0,0,0,0,0,0,0,0,0,0,760.6,3,0,3.09,11.92,0.25,11.42,201,Frame_00201.png
0.65,0.07,-0.63,0,0.81,0.97,-0.61,0,0.08,0.57,0.39,0,0.07,0.17,0.09,0,0.05,0,0,0,0.02,0,0,0,0.69,0,0,0,0.31,0,0,0,0,0,0,0,0,0,0,0,0,0,0,0,0,0,0,0,0,0,0,0,768.7,3,0,2.16,11.97,0.45,14.28,202,Frame_00202.png
0.51,0.47,-0.12,0,0.66,0,0,0,0.5,0.27,-0.25,0,0.04,0,0,0,0.07,0.13,-0.87,0,0.3,0.39,0.14,0,0.96,0.82,-0.5,0,0.85,0,0,0,0.17,0,0,0,0,0,0,0,0,0,0,0,0,0,0,0,0,0,0,0,777.3,3,0,3,11.86,0.6,15.26,203,Frame_00203.png
0.48,0.59,-0.49,0,0.03,0.12,-0.84,0,0.12,0.02,-0.41,0,0.23,0,0,0,0.25,0.82,0.33,0,0.88,0,0,0,0.34,0,0,0,0.01,0,0,0,0,0,0,0,0,0,0,0,0,0,0,0,0,0,0,0,0,0,0,0,780.6,3,0,2.04,11.69,1.65,15.08,204,Frame_00204.png
0.04,0.05,-0.32,0,0.14,0.2,-0.72,0,0.05,0.97,-0.37,0,0.29,0,0,0,1,0,0,0,0.68,0,0,0,0.04,0.93,0.78,0,0.61,0,0,0,0,0,0,0,0,0,0,0,0,0,0,0,0,0,0,0,0,0,0,0,782.4,3,0,2.45,11.92,1.6,12.87,205,Frame_00205.png
1,0,0,0,0.24,0.91,0.89,0,0.13,0.82,0.46,0,0.33,0,0,0,0.01,0.77,-0.49,0,0.63,0,0,0,0.73,0,0,0,0,0,0,0,0,0,0,0,0,0,0,0,0,0,0,0,0,0,0,0,0,0,0,0,784.5,3,0,3,11.85,2.13,12.04,206,Frame_00206.png
0.95,0,0,0,0.35,0.55,-0.34,0,0.86,0.51,-0.51,0,0.81,0,0,0,0.03,0.82,-0.36,0,0.54,0,0,0,0.9,0,0,0,0,0,0,0,0,0,0,0,0,0,0,0,0,0,0,0,0,0,0,0,0,0,0,0,785,3,0,2.85,11.27,1.7,13.75,207,Frame_00207.png
0.39,0.94,-0.05,0,0.51,0.5,-0.82,0,0.35,0,0,0,0.11,0,0,0,0.86,0.33,0.5,0,0.97,0,0,0,0.22,0.68,0.85,0,0.14,0.35,0.78,0,0.87,0,0,0,0,0,0,0,0,0,0,0,0,0,0,0,0,0,0,0,792.5,3,0,2.91,11.85,0.25,11.37,208,Frame_00208.png
0.56,0.05,-0.79,0,0.19,0.48,-0.8,0,0.85,0,0,0,0.99,0,0,0,0.06,0.55,0.3,0,0.94,0,0,0,0.88,0,0,0,0,0,0,0,0,0,0,0,0,0,0,0,0,0,0,0,0,0,0,0,0,0,0,0,795.1,3,0,2.23,10.99,1.5,13.95,209,Frame_00209.png
0.76,0.28,-0.27,0.16,0.98,0,0,0,0.9,0,0,0,0.83,0,0,0,0.53,0.81,0.52,0,0.23,0.83,0.72,0,0.77,0,0,0,0.1,0,0,0,0,0,0,0,0,0,0,0,0,0,0,0,0,0,0,0,0,0,0,0,800.2,3,0,3.07,12,0.8,14.2,210,Frame_00210.png
0.29,0.08,-0.91,0,0.11,0.2,0.39,0,0.95,0,0,0,0.99,0,0,0,0.02,0.49,-0.98,0,0.97,0,0,0,0.96,0.49,0.58,0,0.58,0,0,0,0,0,0,0,0,0,0,0,0,0,0,0,0,0,0,0,0,0,0,0,801.2,3,0,2.26,11.48,1.95,12.98,211,Frame_00211.png
0.18,0.57,-0.83,0,1,0,0,0,0.22,0.69,-0.01,0,0.71,0.18,-0.23,0,0.58,0,0,0,0.79,0,0,0,0.46,0,0,0,0,0,0,0,0,0,0,0,0,0,0,0,0,0,0,0,0,0,0,0,0,0,0,0,804.5,3,0,3.04,11.75,0.05,14.08,212,Frame_00212.png
0.62,0.1,-0.55,0,0.63,0,0,0,0.69,0,0,0,0.71,0,0,0,0.39,0,0,0,0.78,0.89,-0.03,-0.9,0.47,0.57,-0.74,0,0.6,0,0,0,0,0,0,0,0,0,0,0,0,0,0,0,0,0,0,0,0,0,0,0,804.7,3,0,2.46,12,0.15,14,213,Frame_00213.png
0.11,0.33,0.17,0,0.28,0.51,0.29,0,0.35,0,0,0,0.47,0,0,0,0.54,0.56,-0.11,0,0.25,0,0,0,0.27,0.78,-0.9,0,0,0,0,0,0,0,0,0,0,0,0,0,0,0,0,0,0,0,0,0,0,0,0,0,823.7,3,0,2.28,11.94,0.55,13.49,214,Frame_00214.png
0.13,0.17,0.45,0,0.5,0.95,-0.76,0,0.39,0,0,0,0.93,0,0,0,0.14,0,0,0,0.77,0.43,0.14,0,0.01,0,0,0,0,0,0,0,0,0,0,0,0,0,0,0,0,0,0,0,0,0,0,0,0,0,0,0,833.8,3,0,3,11.73,0.7,15.42,215,Frame_00215.png
0.54,0.92,-0.4,0,0.65,0,0,0,0.13,0,0,0,0.42,0.3,-0.17,0,0.95,0.26,-0.67,0,0.94,0,0,0,0.78,0.92,-0.79,0,0.35,0,0,0,0,0,0,0,0,0,0,0,0,0,0,0,0,0,0,0,0,0,0,0,834.5,3,0,3,11.8,0.85,18.8,216,Frame_00216.png
0.97,0,0,0,0.92,0.06,-0.29,-1,0.8,0,0,0,0.89,0.24,-0.83,0,0.01,0.4,0.17,0,0.4,0,0,0,0.08,0,0,0,0.31,0.95,-0.9,0,0.26,0,0,0,0,0,0,0,0,0,0,0,0,0,0,0,0,0,0,0,838.9,3,0,3,12,0.85,14.35,217,Frame_00217.png
0.97,0,0,0,0.65,0.31,0.11,0,0.18,0.79,-0.45,0,0.2,0.15,0.47,-0.61,0.04,0,0,0,0.51,0.71,-0.71,0,0.83,0,0,0,0.57,0,0,0,0.19,0,0,0,0,0,0,0,0,0,0,0,0,0,0,0,0,0,0,0,848.1,3,0,3,11.44,0.55,12.5,218,Frame_00218.png
0.57,0.81,0.49,0,0.66,0,0,0,0.71,0.05,-0.31,0,0.41,0.24,-0.84,0,0.05,0,0,0,0.11,0,0,0,0.43,0.28,-0.54,0,0.45,0,0,0,0,0,0,0,0,0,0,0,0,0,0,0,0,0,0,0,0,0,0,0,852.4,3,0,2.07,11.7,1.55,14.56,219,Frame_00219.png
0.67,0.45,-0.98,0,0.63,0,0,0,0.41,0.91,-0.95,0,0.14,0.77,-0.69,0,0.38,0,0,0,0.87,0,0,0,0.49,0.52,-0.31,0,0.37,0,0,0,0,0,0,0,0,0,0,0,0,0,0,0,0,0,0,0,0,0,0,0,855.6,3,0,2.27,11.81,1.55,13.27,220,Frame_00220.png
0.59,0.2,-0.55,0,0.73,0.76,-0.42,0,0.54,0.28,0.83,0,0.17,0.34,0.55,0,0.06,0,0,0,0.71,0.96,-0.33,0,0.93,0,0,0,0.98,0,0,0,0.98,0,0,0,0,0,0,0,0,0,0,0,0,0,0,0,0,0,0,0,860.2,3,0,2.34,11.74,1.65,12.98,221,Frame_00221.png
1,0,0,0,0.35,0.45,0.62,0,0.12,0.82,-0.69,0,0.99,0.59,0.68,0,0.79,0,0,0,0.07,0,0,0,0.88,0.6,-0.4,0,0.02,0.94,0.61,0,0.4,0,0,0,0,0,0,0,0,0,0,0,0,0,0,0,0,0,0,0,864.2,3,0,2.38,11.82,2,12.13,222,Frame_00222.png
0.97,0,0,0,0.12,0.77,-0.93,0,0.47,0,0,0,0.54,0.17,-0.57,0,0.85,0.4,0.27,0,0.28,0,0,0,0.91,0,0,0,0,0,0,0,0,0,0,0,0,0,0,0,0,0,0,0,0,0,0,0,0,0,0,0,929.5,3,0,3,11.94,1.35,14.93,223,Frame_00223.png
0.99,0,0,0,0.93,0,0,0,0.16,0.75,0.79,0,0.63,0.6,-0.44,-0.99,0.82,0,0,0,0.35,0.15,-0.78,0,0.36,0,0,0,0.35,0,0,0,0,0,0,0,0,0,0,0,0,0,0,0,0,0,0,0,0,0,0,0,931.8,3,0,3,11.94,1.73,17.76,224,Frame_00224.png
0.47,0.39,-0.68,0,0.05,0.04,-0.53,0,0.03,0,0,0,0.68,0.13,-0.9,0,0.39,0,0,0,0.37,0.51,-0.99,0,0.39,0,0,0,0.4,0,0,0,0,0,0,0,0,0,0,0,0,0,0,0,0,0,0,0,0,0,0,0,933.2,3,0,2.13,11.88,2.65,22.46,225,Frame_00225.png
0.21,0.6,-0.76,0,0.18,0.96,-0.1,0,0.25,0,0,0,0.03,0,0,0,0.63,0,0,0,0.89,0.91,-0.85,0,0.69,0,0,0,0,0,0,0,0,0,0,0,0,0,0,0,0,0,0,0,0,0,0,0,0,0,0,0,945.7,3,0,3,11.75,0.5,20.11,226,Frame_00226.png
0.41,0.62,-0.84,0,0.53,0.89,-0.71,0,0,0,0.13,0,0.03,0,0,0,0.32,0.64,-0.97,0,0.47,0,0,0,0.99,0,0,0,0.29,0.11,0.93,0,0.7,0,0,0,0,0,0,0,0,0,0,0,0,0,0,0,0,0,0,0,945.8,3,0,3,12,0.65,14.01,227,Frame_00227.png
0.61,0.91,-0.68,0,0.53,0,0,0,0.25,0,0,0,0.42,0.75,-0.81,0,0.08,0.91,0.59,0,0.72,0,0,0,0.08,0.53,0.73,0,0.03,0,0,0,0,0,0,0,0,0,0,0,0,0,0,0,0,0,0,0,0,0,0,0,968.2,3,0,2.26,11.97,2.95,16.22,228,Frame_00228.png
0.97,0,0,0,0.56,0.95,-0.61,0,0.09,0.06,-0.64,0,0.4,0.55,-0.5,0,0.47,0,0,0,0.81,0,0,0,0.3,0.28,-0.18,0,0.24,0,0,0,0.23,0.7,-0.26,-0.58,0.47,0,0,0,0,0,0,0,0,0,0,0,0,0,0,0,971,3,0,2.54,11.87,0.9,18.42,229,Frame_00229.png
0.34,0.62,-0.67,0,0.67,0,0,0,0.84,0.81,0.56,0,0.03,0.82,0.21,0,0.29,0,0,0,0.08,0.36,-0.82,0,0.89,0,0,0,0.57,0.1,-0.29,0,0.39,0,0,0,0,0,0,0,0,0,0,0,0,0,0,0,0,0,0,0,981.2,3,0,3,11.76,1.05,17.51,230,Frame_00230.png
0.83,0.04,-0.76,0,0.48,0.51,-0.74,0,0.96,0,0,0,0.67,0,0,0,0.71,0,0,0,0.94,0.94,0.38,0,0,0.15,-0.95,0,0.38,0,0,0,0,0,0,0,0,0,0,0,0,0,0,0,0,0,0,0,0,0,0,0,1018.5,3,0,2.19,11.87,1.9,13.3,231,Frame_00231.png
0.95,0,0,0,0.81,0.19,-0.03,0,0.87,0,0,0,0.72,0.27,-0.98,0,0.02,0.36,-0.76,0,0.95,0.67,0.3,0,0.27,0.4,0.19,0,0.4,0.7,0.68,0,0.32,0,0,0,0.22,0,0,0,0,0,0,0,0,0,0,0,0,0,0,0,1263.3,3,0,2.88,11.93,0.15,17.48,232,Frame_00232.png
0.18,0.31,0.35,0,0.72,0,0,0,0.74,0,0,0,0.8,0,0,0,0.23,0.15,0.74,0,0.42,0.32,-0.03,0,0.68,0,0,0,0,0,0,0,0,0,0,0,0,0,0,0,0,0,0,0,0,0,0,0,0,0,0,0,596.7,4,0,2.66,12,0.15,9.78,233,Frame_00233.png
0.09,0.49,0.61,0,0.67,0,0,0,0.91,0,0,0,0.6,0,0,0,0.95,0,0,0,0.47,0.09,-0.11,-0.33,0.8,0,0,0,0,0,0,0,0,0,0,0,0,0,0,0,0,0,0,0,0,0,0,0,0,0,0,0,597.8,4,0,2.52,12,0.55,12.96,234,Frame_00234.png
0.11,0.9,0.97,0,0.32,0,0,0,0.41,0,0,0,0.23,0,0,0,0.9,0.62,-0.32,0,0.43,0.07,0.32,0,0.47,0,0,0,0,0,0,0,0,0,0,0,0,0,0,0,0,0,0,0,0,0,0,0,0,0,0,0,613.5,4,0,2.55,11.94,1.42,9.66,235,Frame_00235.png
0.13,0.79,0.75,0,0.67,0,0,0,0.28,0,0,0,0.41,0,0,0,0.25,0.58,-0.57,0,0.48,0.1,0.51,0,0.26,0,0,0,0,0,0,0,0,0,0,0,0,0,0,0,0,0,0,0,0,0,0,0,0,0,0,0,618.1,4,0,3,11.66,1.75,9.65,236,Frame_00236.png
0.32,0.83,-0.06,0,0.65,0,0,0,0.09,0,0,0,0.71,0,0,0,0.9,0.11,0.97,0,0.64,0.38,0.09,0,0.38,0.02,0.77,0,0.37,0,0,0,0,0,0,0,0,0,0,0,0,0,0,0,0,0,0,0,0,0,0,0,619.2,4,0,2.97,11.93,0.3,9.65,237,Frame_00237.png
0.1,0.68,0.31,0,0.69,0,0,0,0.37,0.17,-0.17,0,0.29,0.51,0.79,0,0.11,0,0,0,0.72,0,0,0,0.68,0.46,0.32,0,0.42,0,0,0,0,0,0,0,0,0,0,0,0,0,0,0,0,0,0,0,0,0,0,0,620.8,4,0,3,11.76,0.85,8.56,238,Frame_00238.png
0.18,0.81,0.13,0,0.04,0.43,0.18,0,0.81,0,0,0,0.56,0,0,0,0.86,0,0,0,0.3,0.42,0.19,0.53,0.83,0,0,0,0.95,0.93,0.23,0,0.75,0.63,0.34,0,0.45,0,0,0,0,0,0,0,0,0,0,0,0,0,0,0,670.5,4,0,2.94,11.73,0.65,9.65,239,Frame_00239.png
0.96,0,0,0,0.04,0.3,0.36,0,0.65,0,0,0,0.26,0.58,0.05,0,0.51,0.35,-0.61,0.77,0.11,0,0,0,0.36,0,0,0,0.5,0,0,0,0,0,0,0,0,0,0,0,0,0,0,0,0,0,0,0,0,0,0,0,686.7,4,0,2.29,11.51,0.25,9.96,240,Frame_00240.png
0.81,0.96,-0.45,0,0.77,0.73,-0.44,0,0.38,0.34,-0.23,0,0.06,0,0,0,0.92,0,0,0,0,0,0,0,0.74,0.98,0.32,0,0.3,0,0,0,0,0,0,0,0,0,0,0,0,0,0,0,0,0,0,0,0,0,0,0,711.3,4,0,2.01,11.9,1.15,10.33,241,Frame_00241.png
0.64,0.25,-0.47,0,0,0.47,-0.48,0,0.03,0,0,0,0.56,0,0,0,0.71,0.76,0.48,0.53,0.48,0.26,0.03,0,0.46,0,0,0,0.03,0,0,0,0.27,0,0,0,0,0,0,0,0,0,0,0,0,0,0,0,0,0,0,0,711.7,4,0,2.68,11.65,0.15,9.65,242,Frame_00242.png
0.96,0,0,0,0.99,0,0,0,0.23,0.45,-0.55,0,0.54,0.15,0.01,0,0.05,0.76,-0.89,0,0.62,0,0,0,0.26,0,0,0,0,0,0,0,0,0,0,0,0,0,0,0,0,0,0,0,0,0,0,0,0,0,0,0,711.9,4,0,2.38,11.69,0.05,12.96,243,Frame_00243.png
0.17,0.56,0.29,0,0.7,0,0,0,0.83,0,0,0,0.13,0.08,-0.55,0,0.6,0.61,0.14,0.89,0.69,0,0,0,0.17,0,0,0,0.8,0.17,-0.73,0,0.04,0,0,0,0,0,0,0,0,0,0,0,0,0,0,0,0,0,0,0,715.8,4,0,2.57,11.94,0.7,12.23,244,Frame_00244.png
0.95,0,0,0,0.8,0.94,-0.91,0,0.62,0.13,-0.04,0,0.12,0.11,0,0,0.96,0,0,0,0.84,0,0,0,0.55,0.13,0.3,0.66,0.87,0,0,0,0.22,0,0,0,0,0,0,0,0,0,0,0,0,0,0,0,0,0,0,0,723.6,4,0,2.43,11.85,0.2,8.76,245,Frame_00245.png
0.14,0.47,0.66,0,0.65,0,0,0,0.65,0,0,0,0.23,0,0,0,0.88,0.92,0.1,0,0.08,0.99,0.8,0,0.76,0,0,0,0,0,0,0,0,0,0,0,0,0,0,0,0,0,0,0,0,0,0,0,0,0,0,0,724.9,4,0,2.49,11.9,0.5,12.96,246,Frame_00246.png
0.25,0.89,0.04,0,0.67,0,0,0,0.07,0.73,-0.43,0,0.64,0.37,0.56,0,0.13,0,0,0,0.74,0.08,0.14,0,0.5,0.42,-0.97,0,0.29,0,0,0,0.56,0,0,0,0,0,0,0,0,0,0,0,0,0,0,0,0,0,0,0,731.4,4,0,3,11.73,0.2,10.52,247,Frame_00247.png
1,0,0,0,1,0,0,0,0.75,0.04,0.02,0,0.7,0.66,-0.08,0,0.1,0.89,0.38,0,0.49,0,0,0,0.14,0,0,0,0,0,0,0,0,0,0,0,0,0,0,0,0,0,0,0,0,0,0,0,0,0,0,0,740,4,0,3,11.74,0.1,12.86,248,Frame_00248.png
0.64,0.29,-0.72,0,0.56,0.58,0.73,0,0.14,0.2,0.66,0,0.96,0,0,0,0.04,0,0,0,0.32,0.67,-0.29,0,0.15,0,0,0,0.79,0.75,-0.45,0,0.25,0,0,0,0,0,0,0,0,0,0,0,0,0,0,0,0,0,0,0,741.6,4,0,2.87,11.96,1.13,10.73,249,Frame_00249.png
0.23,0.9,0.46,0,0.66,0,0,0,0.83,0,0,0,0.88,0.46,0.98,0,0.13,0,0,0,0.87,0.43,-0.62,0,0.23,0.43,0.45,0,0.36,0,0,0,0,0,0,0,0,0,0,0,0,0,0,0,0,0,0,0,0,0,0,0,742,4,0,3,11.98,0.52,11.2,250,Frame_00250.png
0.98,0,0,0,0.32,0.95,0.75,0,0.29,0,0,0,0.44,0,0,0,0.03,0.21,-0.46,0,0.55,0.15,0.51,0,0.8,0.96,-0.55,0,0.36,0,0,0,0,0,0,0,0,0,0,0,0,0,0,0,0,0,0,0,0,0,0,0,743.2,4,0,2.19,11.92,1.77,11.71,251,Frame_00251.png
0.31,0.46,-0.4,0,0.64,0,0,0,0.05,0.45,-0.67,0,0.62,0,0,0,0.45,0.25,-0.91,0,0.55,0,0,0,0.39,0.32,0.11,0,0.08,0,0,0,0,0,0,0,0,0,0,0,0,0,0,0,0,0,0,0,0,0,0,0,750.1,4,0,3,11.57,0.55,11.45,252,Frame_00252.png
0.17,0.1,-0.03,0,0.61,0,0,0,0.09,0.87,-0.42,0,0.56,0,0,0,0.39,0,0,0,0.98,0,0,0,0.37,0.07,-0.94,-0.12,0.71,0,0,0,0,0,0,0,0,0,0,0,0,0,0,0,0,0,0,0,0,0,0,0,754.2,4,0,2.39,12,0.15,14.3,253,Frame_00253.png
0.03,0.87,-0.76,0,0.11,0.46,-0.22,0,0.99,0,0,0,0.23,0.98,-0.2,0,0.3,0,0,0,0.08,0,0,0,0.4,0,0,0,0.67,0,0,0,0,0,0,0,0,0,0,0,0,0,0,0,0,0,0,0,0,0,0,0,762.9,4,0,2.86,11.15,0.6,13.93,254,Frame_00254.png
0.02,0.74,0.83,0,0.22,0.48,0.56,0,0.92,0,0,0,0.44,0,0,0,0.71,0.13,-0.52,0,0.93,0,0,0,0.4,0,0,0,0,0,0,0,0,0,0,0,0,0,0,0,0,0,0,0,0,0,0,0,0,0,0,0,767.3,4,0,2.62,11.69,2.42,12.96,255,Frame_00255.png
0.24,0.81,-0.63,0,0.53,0,0,0,0.7,0.86,0.88,0.26,0.53,0,0,0,0.18,0,0,0,0.34,0,0,0,0.09,0.01,0.03,0,0.43,0,0,0,0.69,0.96,0.81,0.45,0.47,0,0,0,0,0,0,0,0,0,0,0,0,0,0,0,771.4,4,0,2.62,11.76,0.15,12.07,256,Frame_00256.png
0.87,0.55,-0.7,0,0.26,0.85,1,0,0.46,0,0,0,0.26,0.82,-0.97,0,0.95,0,0,0,0.13,0,0,0,0.42,0.61,0.16,0,0.92,0,0,0,0,0,0,0,0,0,0,0,0,0,0,0,0,0,0,0,0,0,0,0,772.5,4,0,2.08,11.99,0.8,13.25,257,Frame_00257.png
0.99,0,0,0,0.34,0.24,0.89,0,0.86,0.18,-0.98,0,0.29,0.16,-0.02,0,0.79,0,0,0,0.08,0,0,0,0.95,0.92,0.98,0,0.69,0,0,0,0,0,0,0,0,0,0,0,0,0,0,0,0,0,0,0,0,0,0,0,787,4,0,3,11.62,0.1,14.46,258,Frame_00258.png
0.92,0.43,-0.65,0,0.19,0.51,0.91,0,0.99,0,0,0,0.85,0,0,0,0.16,0.68,0.11,0,0.53,0.38,0.04,0,0.35,0,0,0,0.31,0,0,0,0,0,0,0,0,0,0,0,0,0,0,0,0,0,0,0,0,0,0,0,787.1,4,0,2.62,11.44,0.2,11.82,259,Frame_00259.png
0.55,0.51,0.07,0,0.42,0.79,-0.24,0,0.02,0,0,0,0.01,0,0,0,0.72,0.46,-0.19,0,0.3,0,0,0,0.55,0,0,0,0,0,0,0,0,0,0,0,0,0,0,0,0,0,0,0,0,0,0,0,0,0,0,0,787.2,4,0,3,11.71,0.35,13.42,260,Frame_00260.png
0.65,0.3,-0.53,0,0.96,0.87,0.57,0,0.67,0,0,0,0.64,0,0,0,0.65,0.83,-0.32,0,0.33,0,0,0,0.36,0.19,-0.93,0,0.87,0,0,0,0,0,0,0,0,0,0,0,0,0,0,0,0,0,0,0,0,0,0,0,792.3,4,0,3,11.7,1.6,9.65,261,Frame_00261.png
0.49,0.93,-0.81,0,0.97,0,0,0,0.69,0,0,0,0.38,0,0,0,0.62,0.46,0.92,0,0.1,0.71,-0.53,0,0.62,0,0,0,0,0,0,0,0,0,0,0,0,0,0,0,0,0,0,0,0,0,0,0,0,0,0,0,799.1,4,0,4.47,11.93,2.65,10,262,Frame_00262.png
0.58,0.52,-0.74,0,0.54,0.54,-0.83,0,0.35,0,0,0,0.5,0,0,0,0.17,0.42,-0.12,0,0.41,0,0,0,0.73,0,0,0,0,0,0,0,0,0,0,0,0,0,0,0,0,0,0,0,0,0,0,0,0,0,0,0,801,4,0,3,11.62,0.6,11.1,263,Frame_00263.png
0.15,0.06,0.06,0,0.64,0,0,0,0.33,0.06,-0.71,0,0.02,0,0,0,0.95,0.01,-0.23,0,0.55,0,0,0,0.36,0,0,0,0,0,0,0,0,0,0,0,0,0,0,0,0,0,0,0,0,0,0,0,0,0,0,0,803.8,4,0,2.58,11.91,0.3,13.33,264,Frame_00264.png
0.97,0,0,0,0.28,0.55,-0.77,0,0.99,0,0,0,0.76,0.77,-0.77,0,0.77,0,0,0,0.5,0.04,0.12,0,0.14,0,0,0,0,0,0,0,0,0,0,0,0,0,0,0,0,0,0,0,0,0,0,0,0,0,0,0,806.2,4,0,3,11.88,0.6,15.94,265,Frame_00265.png
0.02,0.55,-0.08,0,0.54,0.97,-0.41,0,0.37,0,0,0,0.11,0.63,-0.54,0,0.13,0.3,-0.72,0,0.83,0,0,0,0.03,0,0,0,0.12,0.14,0.81,0,0.11,0,0,0,0,0,0,0,0,0,0,0,0,0,0,0,0,0,0,0,821.4,4,0,2.15,11.38,0.4,15.01,266,Frame_00266.png
0.19,0.11,0.33,0,0.61,0,0,0,0.83,0,0,0,0.56,0,0,0,0.17,0.81,-0.18,0,0.79,0.76,0.82,0,0.92,0,0,0,0.76,0.15,-0.39,-0.33,0.87,0,0,0,0,0,0,0,0,0,0,0,0,0,0,0,0,0,0,0,829,4,0,3,12,0.9,14.82,267,Frame_00267.png
0.11,0.18,0.85,0,0.3,0,0,0,0.91,0.5,0.41,-0.86,0.48,0,0,0,0.42,0.4,-0.51,0,0.59,0,0,0,0.76,0.13,0.45,0,0.55,0,0,0,0.06,0,0,0,0,0,0,0,0,0,0,0,0,0,0,0,0,0,0,0,837.3,4,0,2.71,11.72,1.41,14.71,268,Frame_00268.png
0.98,0,0,0,0.63,0.51,-0.77,0,0.42,0.06,0.53,-0.73,0.87,0.01,0.25,0,0.13,0.64,0.11,0,0.18,0,0,0,0.6,0,0,0,0.79,0,0,0,0.71,0,0,0,0,0,0,0,0,0,0,0,0,0,0,0,0,0,0,0,849.7,4,0,3,11.98,0.55,11.52,269,Frame_00269.png
0.01,0.05,-0.51,0,0.88,0,0,0,0.82,0,0,0,0.34,0.8,0.48,0,0.1,0,0,0,0.62,0.56,0.71,0,0.97,0.2,-0.07,0,0.47,0.62,-0.7,0,0.07,0,0,0,0,0,0,0,0,0,0,0,0,0,0,0,0,0,0,0,857.5,4,0,2.47,11.69,0.35,13.74,270,Frame_00270.png
0.33,0.64,-0.36,0,0.61,0,0,0,0.32,0,0,0,0.75,0,0,0,0.79,0.46,-0.64,0,0.24,0.26,-0.14,-0.85,0.95,0,0,0,0.19,0.06,-0.83,0,0.78,0,0,0,0,0,0,0,0,0,0,0,0,0,0,0,0,0,0,0,860.7,4,0,3,11.81,0.7,16.63,271,Frame_00271.png
0.96,0,0,0,0.65,0.62,-0.43,0,0.86,0.37,-0.88,0,0.51,0.63,-0.4,0,0.95,0,0,0,0.65,0,0,0,0.33,0,0,0,0,0,0,0,0,0,0,0,0,0,0,0,0,0,0,0,0,0,0,0,0,0,0,0,863.1,4,0,2.43,11.48,2,17.24,272,Frame_00272.png
0.99,0,0,0,0.72,0.96,-0.56,0,0.1,0.73,0.16,0,0.32,0.82,-0.19,0,0.32,0.91,0.59,0,0.73,0,0,0,0.82,0,0,0,0.16,0,0,0,0,0,0,0,0,0,0,0,0,0,0,0,0,0,0,0,0,0,0,0,873.3,4,0,2.33,11.9,0.8,13.6,273,Frame_00273.png
0.99,0,0,0,0.33,0,-0.8,0,0.44,0,0,0,0.75,0.7,0.42,0,0.05,0.13,-0.57,0,0.8,0,0,0,0.97,0,0,0,0.09,0.23,-0.03,-0.17,0.22,0,0,0,0,0,0,0,0,0,0,0,0,0,0,0,0,0,0,0,887,4,0,3,12,0.15,12.47,274,Frame_00274.png
0.34,0.63,-0.09,0,0.71,0.37,-0.84,0,0.68,0,0,0,0.99,0,0,0,0.3,0,0,0,0.65,0.58,0.21,0,0.99,0.91,-0.47,0,0.34,0,0,0,0.18,0.55,-0.98,-0.86,0.65,0,0,0,0,0,0,0,0,0,0,0,0,0,0,0,897.6,4,0,2.49,11.5,0.45,14.56,275,Frame_00275.png
0.49,0.34,-0.32,0,0.22,0,0,0,0.76,0.91,-0.57,0,0.11,0.16,-0.24,0,0.9,0.22,0.3,0,0.92,0,0,0,0.23,0,0,0,0.74,0.31,0.39,0,0.17,0,0,0,0,0,0,0,0,0,0,0,0,0,0,0,0,0,0,0,904,4,0,2.29,11.86,1.2,12.87,276,Frame_00276.png
0.95,0,0,0,0.85,0.02,-0.65,0,0.99,0,0,0,0.89,0,0,0,0.81,0.64,-0.05,0,0.74,0.23,-0.55,0,0.9,0,0,0,0.1,0.36,-0.83,0,0.44,0,0,0,0,0,0,0,0,0,0,0,0,0,0,0,0,0,0,0,905.3,4,0,3,12,0.25,17.35,277,Frame_00277.png
0.29,0.7,0.04,0,0.67,0,0,0,0.06,0.48,0.62,0,0.25,0,0,0,0.54,0.82,-0.03,0,0.77,0,0,0,0.37,0.25,-0.65,-0.43,0.08,0,0,0,0.96,0,0,0,0,0,0,0,0,0,0,0,0,0,0,0,0,0,0,0,910,4,0,3,11.61,0.15,13.25,278,Frame_00278.png
0.21,0.85,0.07,0,0.06,0.05,-0.87,0,0.82,0,0,0,0.26,0.76,-0.37,0.09,0.24,0.56,-0.66,0,0.24,0,0,0,0.01,0,0,0,0.21,0.27,-0.72,0,0.53,0.41,-0.81,0,0.65,0,0,0,0.83,0,0,0,0,0,0,0,0,0,0,0,912.2,4,0,2.33,11.86,0.35,20.03,279,Frame_00279.png
0.98,0,0,0,0.95,0,0,0,0.54,0.36,0.17,0,0.44,0.93,-0.4,0,0.88,0,0,0,0.23,0.61,0.29,0,0.77,0.89,0.14,0,0.44,0,0,0,0,0,0,0,0,0,0,0,0,0,0,0,0,0,0,0,0,0,0,0,925.9,4,0,2.47,11.76,0.7,12.96,280,Frame_00280.png
0.18,0.6,0.83,0,0.98,0,0,0,0.88,0.43,-0.92,0,0.31,0,0,0,0.87,0.06,-0.59,-0.64,0.4,0,0,0,0.92,0,0,0,0.76,0,0,0,0,0,0,0,0,0,0,0,0,0,0,0,0,0,0,0,0,0,0,0,953.5,4,0,2.55,12,1.51,20.73,281,Frame_00281.png
0.38,0.76,-0.48,0,0.26,0.57,-0.14,0,0.17,0,0,0,0.98,0,0,0,0.25,0.16,0.19,0,0.29,0,0,0,0.81,0.57,-0.87,0,0.47,0.78,0.84,0,0.69,0,0,0,0,0,0,0,0,0,0,0,0,0,0,0,0,0,0,0,956.7,4,0,2.2,11.97,0.7,15.22,282,Frame_00282.png
0.52,0.57,-0.18,0,0.83,0.73,-0.92,0,0.82,0.98,-0.35,0,0.62,0,0,0,0.74,0.73,0.26,0,0.12,0,0,0,0.03,0.54,0.57,0,0.14,0,0,0,0.51,0.49,-0.45,0,0.01,0,0,0,0,0,0,0,0,0,0,0,0,0,0,0,974.1,4,0,2.35,11.97,0.9,13.86,283,Frame_00283.png
0.57,0.72,-0.52,0,0.63,0,0,0,0.73,0.63,0.05,0,0.05,0.84,-0.8,0,0.23,0.73,-0.45,0,0.71,0,0,0,0.73,0.07,0.56,0,0.29,0.82,-0.41,0,0.62,0,0,0,0.28,0,0,0,0,0,0,0,0,0,0,0,0,0,0,0,1003.3,4,0,2.62,11.58,0.25,15.97,284,Frame_00284.png
0.94,0.76,-0.63,0,0.9,0,0,0,0.43,0.73,0.17,0,0.94,0.66,-0.14,0,0.1,0,0,0,0.93,0.81,-0.5,-0.75,0.46,0,0,0,0.03,0.65,-0.93,0,0.13,0.56,-0.45,0,0.55,0,0,0,0.28,0,0,0,0,0,0,0,0,0,0,0,1028.5,4,0,3.13,12,0.7,17.42,285,Frame_00285.png
0.54,0.65,-0.49,0,0.58,0,0,0,0.11,0,0,0,0.02,0,0,0,0.12,0.92,0.52,0,0.92,0.64,-0.46,0,0.62,0.09,-0.58,0,0.68,0,0,0,0,0,0,0,0,0,0,0,0,0,0,0,0,0,0,0,0,0,0,0,1043.6,4,0,2.81,11.94,2.3,15.24,286,Frame_00286.png
0.96,0,0,0,0.31,0.06,-0.57,0,0.8,0.14,-0.31,0,0.07,0.04,-0.82,0,0.1,0.21,0.79,0,0.65,0.59,0.82,0,0.96,0,0,0,0.62,0.84,-0.68,0,0.63,0,0,0,0.32,0,0,0,0,0,0,0,0,0,0,0,0,0,0,0,1145.7,4,0,2.36,11.91,1.55,21.64,287,Frame_00287.png
0,0.11,0.39,0,0.28,0.45,-0.83,0,0.43,0,0,0,0.42,0.7,-0.92,0,0.18,0,0,0,0.63,0,0,0,0.29,0.9,-0.63,0,0.64,0,0,0,0,0,0,0,0,0,0,0,0,0,0,0,0,0,0,0,0,0,0,0,1179.9,4,0,3,11.69,1.95,21.07,288,Frame_00288.png
0.56,0.75,-0.32,0,0.65,0,0,0,0.1,0,0,0,0,0.92,0.78,0,0.88,0,0,0,0.83,0.64,-0.44,0,0.71,0.93,-0.78,-0.34,0.97,0,0,0,0.7,0,0,0,0,0,0,0,0,0,0,0,0,0,0,0,0,0,0,0,1186,4,0,2.94,12,1.6,18.11,289,Frame_00289.png
0.12,0.02,0.53,0,0.68,0,0,0,0.9,0,0,0,0.86,0,0,0,0.43,0.38,-0.18,0,0.43,0.46,0.96,0,0.72,0,0,0,0,0,0,0,0,0,0,0,0,0,0,0,0,0,0,0,0,0,0,0,0,0,0,0,596.5,5,0,2.15,11.97,0.9,9.65,290,Frame_00290.png
0.22,0.21,0.1,0,0.68,0,0,0,0.69,0,0,0,0.6,0,0,0,0.62,0.28,-0.39,0,0.19,0,0,0,0,0,0,0,0,0,0,0,0,0,0,0,0,0,0,0,0,0,0,0,0,0,0,0,0,0,0,0,621.3,5,0,3,11.69,0.5,12.96,291,Frame_00291.png
0.99,0,0,0,0.26,0.47,0.9,0,0.38,0,0,0,0.18,0,0,0,0.29,0.98,-0.44,0,0.4,0.74,-0.34,0,0.07,0,0,0,0,0,0,0,0,0,0,0,0,0,0,0,0,0,0,0,0,0,0,0,0,0,0,0,643.1,5,0,2.16,11.26,1.37,13.49,292,Frame_00292.png
0.13,0.16,0.28,0,0.95,0,0,0,0.37,0.08,-0.47,0,0.54,0,0,0,0.14,0,0,0,0.09,0,0,0,0,0,0,0,0,0,0,0,0,0,0,0,0,0,0,0,0,0,0,0,0,0,0,0,0,0,0,0,649.3,5,0,3,11.75,1.4,12.96,293,Frame_00293.png
0.23,0.15,-0.12,0,0.63,0,0,0,0.77,0,0,0,0.92,0,0,0,0.29,0.27,0.91,0,0.42,0.97,-0.38,0,0.24,0,0,0,0,0,0,0,0,0,0,0,0,0,0,0,0,0,0,0,0,0,0,0,0,0,0,0,654.1,5,0,2.55,11.89,0.6,11.4,294,Frame_00294.png
0.09,0.92,0.49,0,0.64,0,0,0,0.01,0.66,0.71,0,0.16,0,0,0,0.5,0.87,-0.94,0,0.51,0,0,0,0.44,0.58,0.1,0,0.48,0,0,0,0,0,0,0,0,0,0,0,0,0,0,0,0,0,0,0,0,0,0,0,675.8,5,0,2.45,11.87,0.5,13.02,295,Frame_00295.png
0.12,0.73,0.86,0,0.61,0,0,0,0.73,0,0,0,0.81,0,0,0,0.92,0.53,-0.8,-0.13,0.33,0.38,0.38,0,0.35,0.01,-0.18,0,0.88,0,0,0,0.22,0,0,0,0,0,0,0,0,0,0,0,0,0,0,0,0,0,0,0,676,5,0,2.1,11.56,0.65,11.4,296,Frame_00296.png
0.98,0,0,0,0.97,0,0,0,0.89,0.86,-0.43,0,0.56,0.63,0.89,0,0.85,0,0,0,0.2,0.35,0.29,0,0.49,0,0,0,0,0,0,0,0,0,0,0,0,0,0,0,0,0,0,0,0,0,0,0,0,0,0,0,677.7,5,0,3,11.69,1.45,10.32,297,Frame_00297.png
0.63,0.08,-0.62,0,0.96,0,0,0,0.23,0.95,0.44,0,0.44,0,0,0,0.64,0,0,0,0.41,0.33,0.76,0,0.98,0.49,-0.36,0,0.28,0,0,0,0,0,0,0,0,0,0,0,0,0,0,0,0,0,0,0,0,0,0,0,694.3,5,0,2.31,11.54,1.8,9.65,298,Frame_00298.png
0.22,0.38,0.71,0,0.25,0.09,-0.67,0,0.39,0,0,0,0.73,0,0,0,0.35,0.4,0.61,0,0.08,0.24,0.46,0,0.6,0,0,0,0.14,0,0,0,0,0,0,0,0,0,0,0,0,0,0,0,0,0,0,0,0,0,0,0,697.3,5,0,2.9,11.49,2.3,10.79,299,Frame_00299.png
0.14,0.97,-0.36,0,0.65,0,0,0,0.02,0.79,0.03,0,0.27,0,0,0,0.64,0.53,0.62,0,0.49,0.2,-0.63,0,0.55,0.96,0.19,0,0.37,0,0,0,0.87,0,0,0,0,0,0,0,0,0,0,0,0,0,0,0,0,0,0,0,726.4,5,0,2.95,11.95,0.15,11.7,300,Frame_00300.png
0.21,0,0.28,0,0.97,0,0,0,0.97,0,0,0,0.67,0,0,0,0.15,0.03,0.79,0,0.18,0.7,-0.45,0,0.32,0,0,0,0.22,0.61,0.11,0.45,0.54,0,0,0,0,0,0,0,0,0,0,0,0,0,0,0,0,0,0,0,735.3,5,0,2.01,12,0.55,11.48,301,Frame_00301.png
0.19,0.53,-0.28,0,0.71,0,0,0,0.69,0,0,0,0.52,0,0,0,0.13,0.39,0.14,0,0.76,0.51,0.58,0,0.12,0.17,-0.47,0,0.18,0,0,0,0,0,0,0,0,0,0,0,0,0,0,0,0,0,0,0,0,0,0,0,735.4,5,0,3,11.69,0.7,12.96,302,Frame_00302.png
0.21,0.42,0.4,0,0.15,0.19,0.03,0,0.83,0,0,0,0.72,0,0,0,0.24,0,0,0,0.21,0.3,-0.81,0,0.15,0.35,0.97,0,0.74,0.16,-0.72,0,0.76,0,0,0,0,0,0,0,0,0,0,0,0,0,0,0,0,0,0,0,737.7,5,0,3,11.52,0.15,12.69,303,Frame_00303.png
0.59,0.25,0.09,0,0.7,0.71,0.15,0,0.76,0,0,0,0.22,0.13,0,0,0.43,0.84,0.05,0,0.46,0,0,0,0.65,0.07,-1,0,0.93,0,0,0,0.55,0,0,0,0,0,0,0,0,0,0,0,0,0,0,0,0,0,0,0,746.3,5,0,2.31,11.52,0.25,12.99,304,Frame_00304.png
0.23,0.49,0.71,0,0.13,0.87,-0.25,0,0.93,0.02,-0.38,0,0.75,0,0,0,0.79,0,0,0,0.66,0,0,0,0.17,0,0,0,0,0,0,0,0,0,0,0,0,0,0,0,0,0,0,0,0,0,0,0,0,0,0,0,750.6,5,0,2.74,11.75,1.25,12.96,305,Frame_00305.png
0.11,1,0.19,0,0.99,0,0,0,0.94,0,0,0,0.34,0.37,-0.76,0,0.09,0,0,0,0.19,0,0,0,0.38,0.14,-0.82,-0.79,0.75,0,0,0,0,0,0,0,0,0,0,0,0,0,0,0,0,0,0,0,0,0,0,0,755.5,5,0,2.48,12,0.95,16.81,306,Frame_00306.png
1,0,0,0,0.58,0.29,-0.66,0,0.14,0.06,-0.81,0,0.96,0,0,0,0.72,0.91,0.33,0,0.66,0,0,0,0.4,0.73,0.04,0,0.2,0.69,0.17,0,0.36,0,0,0,0,0,0,0,0,0,0,0,0,0,0,0,0,0,0,0,763.1,5,0,2.19,11.78,0.2,12.17,307,Frame_00307.png
0.97,0,0,0,0.26,0.28,-0.02,0,0.05,0.65,-0.41,0,0.7,0.19,0,0,0.18,0,0,0,0.2,0.69,-0.29,0,0.99,0.12,0.29,0,0.35,0,0,0,0.88,0,0,0,0,0,0,0,0,0,0,0,0,0,0,0,0,0,0,0,780.5,5,0,3,11.74,0.1,12.96,308,Frame_00308.png
0.06,0.75,0.56,0,0.98,0.61,0.81,0,0.38,0.54,-0.73,0,0.59,0,0,0,0.72,0.78,-0.33,0,0.69,0,0,0,0.06,0.9,0.56,0,0.8,0,0,0,0.81,0,0,0,0,0,0,0,0,0,0,0,0,0,0,0,0,0,0,0,786,5,0,2.07,11.94,1.65,12.1,309,Frame_00309.png
0.56,0.55,0.04,0,0.66,0,0,0,0.91,0,0,0,0.98,0.12,0.08,0,0.03,0.64,0.95,0,0.2,0.31,-0.96,0,0.17,0,0,0,0.85,0,0,0,0,0,0,0,0,0,0,0,0,0,0,0,0,0,0,0,0,0,0,0,788.4,5,0,2.61,11.31,0.2,12.9,310,Frame_00310.png
0.09,0.99,0.43,0,0.48,0.11,0.02,0,0.51,0.95,-0.92,0,0.83,0,0,0,0.39,0,0,0,0.82,0.32,-0.65,0,0.32,0.34,-0.11,0,0.62,0,0,0,0.6,0.3,0.82,0,0.39,0.75,-0.46,0,0.34,0,0,0,0,0,0,0,0,0,0,0,790.6,5,0,2.26,11.98,0.1,10.87,311,Frame_00311.png
0.36,0.64,0.06,0,0.64,0,0,0,0.04,0.82,0.01,0,0.2,0,0,0,0.03,0.25,-0.7,0,0.77,0.16,0.93,0,0.81,0.71,0.44,0,0.42,0,0,0,0.65,0,0,0,0.41,0.1,0.31,0,0.47,0,0,0,0,0,0,0,0,0,0,0,796.5,5,0,2.26,12,0.05,12.69,312,Frame_00312.png
0.46,0.64,-0.44,0,0.48,1,0.45,0,0.25,0,0,0,0.02,0,0,0,0.64,0.57,-0.73,0,0.25,0.69,0.68,0,0.1,0,0,0,0.03,0.69,0.43,0,0.26,0.26,-0.84,0,0.71,0,0,0,0,0,0,0,0,0,0,0,0,0,0,0,815.3,5,0,3,12,2.15,10.12,313,Frame_00313.png
0.49,0.94,-0.7,0,0.69,0.95,0.11,0,0.42,0,0,0,0.58,0,0,0,0.9,0.86,0.65,0,0.68,0.64,-0.36,0,0.93,0,0,0,0.92,0,0,0,0,0,0,0,0,0,0,0,0,0,0,0,0,0,0,0,0,0,0,0,827,5,0,3.41,11.97,0.55,13.09,314,Frame_00314.png
1,0,0,0,0.69,0.44,-0.42,0,0.74,0.37,-0.18,0,0.63,0.13,0.97,0,0.42,0.32,-0.95,0,0.21,0.41,0.2,0,0.71,0,0,0,0.38,0,0,0,0.77,0,0,0,0,0,0,0,0,0,0,0,0,0,0,0,0,0,0,0,837.2,5,0,2.44,11.91,0.9,11.83,315,Frame_00315.png
0.45,0.36,0.36,0,0.38,0.36,-0.5,0,0.03,0.76,0.61,0,0.1,0.43,-0.21,0,0.96,0.91,-0.41,0,0.3,0,0,0,0.36,0.03,0.89,0,0.38,0,0,0,0.04,0,0,0,0.31,0,0,0,0.42,0,0,0,0,0,0,0,0,0,0,0,840.3,5,0,2.09,10.65,0.45,15.38,316,Frame_00316.png
0.62,0.64,0.1,0,0.65,0,0,0,0.82,0,0,0,0.68,0.5,-0.97,0,0.38,0,0,0,0.65,0.01,-0.61,0.54,0.39,0.03,-0.69,0,0.1,0,0,0,0.71,0,0,0,0,0,0,0,0,0,0,0,0,0,0,0,0,0,0,0,861.6,5,0,2.7,12,0.5,15.97,317,Frame_00317.png
0.2,0.55,-0.93,0,0.04,0.84,-0.07,0,0.27,0,0,0,0.69,0,0,0,0.46,0,0,0,0.87,0.7,0.33,0,0.79,0.5,-0.48,0,0.81,0,0,0,0,0,0,0,0,0,0,0,0,0,0,0,0,0,0,0,0,0,0,0,867.6,5,0,3.17,11.27,0.35,13.44,318,Frame_00318.png
0.55,0.81,-0.56,0,0.96,0.42,-0.23,0,0.99,0,0,0,0.06,0.96,-0.48,0,0.86,0,0,0,0.81,0,0,0,0.64,0.29,-0.92,0,0.02,0,0,0,0,0,0,0,0,0,0,0,0,0,0,0,0,0,0,0,0,0,0,0,887.8,5,0,3.16,11.67,1.15,14.17,319,Frame_00319.png
0.31,0.86,-0.35,0,0.64,0,0,0,0.15,0,0,0,0.5,0.51,0.44,0,0.08,0.05,-0.3,0,0.1,0.76,-0.35,0,0.11,0,0,0,0.7,0,0,0,0.8,0.07,-0.47,-0.51,0.24,0,0,0,0,0,0,0,0,0,0,0,0,0,0,0,890.9,5,0,2.67,11.65,1.5,14.62,320,Frame_00320.png
0.34,0.75,-0.75,0,0.97,0,0,0,0.51,0,0,0,0.68,0,0,0,0.14,0,0,0,0.63,0.17,0.67,-0.33,0.1,0.27,0.22,0,0.16,0.4,0.27,0,0.6,0.77,0.18,0,0.88,0,0,0,0,0,0,0,0,0,0,0,0,0,0,0,896.4,5,0,3,12,0.9,10.16,321,Frame_00321.png
0.76,0.25,-0.92,0.21,0.99,0,0,0,0.87,0,0,0,0.86,0,0,0,0.37,0.06,0.16,0,0.39,0.77,-0.57,0,0.38,0,0,0,0.17,0.44,0.85,0,0.19,0,0,0,0,0,0,0,0,0,0,0,0,0,0,0,0,0,0,0,926,5,0,3.66,11.79,0.8,14.14,322,Frame_00322.png
0.97,0,0,0,0.95,0,0,0,0.32,0.27,0.18,0,0.45,0.88,-0.95,0,0.56,0,0,0,0.53,0.76,-1,0,0.83,0.95,0.95,0,0.58,0,0,0,0,0,0,0,0,0,0,0,0,0,0,0,0,0,0,0,0,0,0,0,940,5,0,2.2,11.69,0.9,13.04,323,Frame_00323.png
0.32,0.36,-0.17,0,0.34,0,0,0,0.26,0.48,-0.34,0,0.03,0,0,0,0.87,0.93,0.65,-0.71,0.11,0.71,0.66,0,0.26,0,0,0,0.1,0.27,-0.91,0,0.52,0,0,0,0.41,0,0,0,0,0,0,0,0,0,0,0,0,0,0,0,940.3,5,0,2.46,12,0.85,17.32,324,Frame_00324.png
0.06,0.28,0.44,0,0.61,0,0,0,0.85,0.37,-0.18,-0.96,0.05,0.89,0.13,0,0.45,0,0,0,0.86,0.24,-0.34,0,0.98,0,0,0,0.54,0,0,0,0.94,0.32,-0.19,0,0.69,0,0,0,0,0,0,0,0,0,0,0,0,0,0,0,942.4,5,0,2.71,11.95,0.65,14.29,325,Frame_00325.png
0.95,0,0,0,0.3,0.71,0.29,0,0.21,0.01,-0.85,0,0.98,0,0,0,0.01,0,0,0,0.44,0.81,0.43,0,0.73,0.96,0.4,0,0.12,0.58,0.29,0,0.17,0.51,-0.12,0,0.04,0,0,0,0,0,0,0,0,0,0,0,0,0,0,0,942.8,5,0,2.09,11.79,0.6,14.37,326,Frame_00326.png
0.02,0.44,0.71,0,0.89,0,0,0,0.87,0.51,0.57,0,0.93,0.83,-0.97,0,0.38,0,0,0,0.38,0.53,-0.24,0,0.41,0.95,-0.69,0,0.76,0.89,0.07,-0.93,0.06,0,0,0,0.63,0,0,0,0.83,0,0,0,0,0,0,0,0,0,0,0,973.2,5,0,2.14,11.35,0.35,13.72,327,Frame_00327.png
0.96,0,0,0,0.95,0,0,0,0.9,0.21,-0.76,0,0.38,0.79,0.8,0,0.48,0.13,0.14,0,0.84,0,0,0,0.81,0.31,-0.25,0,0.49,0.56,-0.13,0,0.86,0,0,0,0,0,0,0,0,0,0,0,0,0,0,0,0,0,0,0,976.7,5,0,3,11.69,0.65,14.75,328,Frame_00328.png
0.99,0,0,0,0,0.55,-0.68,0,0.05,0.47,-0.47,0,0.15,0.69,0.34,0,0.95,0.82,-0.53,0,0.59,0,0,0,0.53,0,0,0,0.31,0.67,0.87,0,0.32,0.96,-0.91,0,0.71,0,0,0,0,0,0,0,0,0,0,0,0,0,0,0,985.4,5,0,2.53,11.92,1.7,12.47,329,Frame_00329.png
0,0.55,-0.11,0,0.78,0,0,0,0.25,0.73,-0.97,0,0.46,0.54,0.14,0,0.75,0.28,-0.04,0,0.91,0,0,0,0.23,0.41,0.01,0,0.65,0.52,-0.69,-0.11,0.87,0,0,0,0.17,0,0,0,0.7,0,0,0,0,0,0,0,0,0,0,0,987.9,5,0,3,11.25,0.05,12.91,330,Frame_00330.png
0.48,0.38,-0.48,0,0.55,0.47,0.09,0,0.59,0.54,-0.7,0,0.51,0,0,0,0.35,0.09,-0.82,0,0.41,0,0,0,0.58,0,0,0,0.82,0.75,-0.28,0,0.33,0.46,0.76,0,0.35,0,0,0,0,0,0,0,0,0,0,0,0,0,0,0,996.5,5,0,2.9,11.93,0.45,13.15,331,Frame_00331.png
0.1,1,-0.9,0,0.63,0,0,0,0.62,0,0,0,0.95,0.23,-0.83,0,0.1,0.8,0.25,0,0.34,0.51,0.55,0,0.72,0.01,0.46,0,0.18,0,0,0,0.84,0.21,0.87,0,0.68,0,0,0,0,0,0,0,0,0,0,0,0,0,0,0,1016,5,0,2.1,12,1.25,15.81,332,Frame_00332.png
0.3,0.56,-0.32,0,0.02,0.06,-0.92,0,0.98,0,0,0,0.35,0,0.34,0,0.79,0.06,-0.21,0,0.51,0,0,0,0.06,0.48,-0.28,0,0.91,0,0,0,0.59,0.99,0.84,0,0.3,0.87,0.16,0,0.61,0,0,0,0,0,0,0,0,0,0,0,1020.2,5,0,2.54,12,0.8,18.16,333,Frame_00333.png
0.5,0.22,-0.22,0,0.66,0,0,0,0.81,0.97,0.15,0,0.61,0.69,0.88,0,0.38,0,0,0,0.57,0.34,0.78,0,0.87,0.6,-0.81,0,0.69,0.18,-0.93,0,0.58,0.13,-0.67,0,0.38,0.18,-0.87,0,0.06,0,0,0,1,0,0,0,0,0,0,0,1045.9,5,0,2.49,11.94,0.75,19.83,334,Frame_00334.png
0.04,0.05,-0.99,0,0.96,0,0,0,0.87,0,0,0,0.75,0,0,0,0.28,0.79,0.38,0,0.76,0.51,-0.29,0,0.41,0.07,0.2,0,0.84,0.74,-0.85,0,0.53,0,0,0,0,0,0,0,0,0,0,0,0,0,0,0,0,0,0,0,1054.6,5,0,2.45,11.73,1,17.12,335,Frame_00335.png
0.15,0.75,-0.99,0,0.71,0,0,0,0.55,0.03,-0.52,0,0.47,0,0,0,0.95,0,0,0,0.8,0.01,-0.64,0,0.54,0.27,-0.73,0,0.31,0.51,0.67,0,0.42,0.01,1,0,0.93,0.42,-0.42,0,0.48,0,0,0,0,0,0,0,0,0,0,0,1072,5,0,2.09,11.93,2.1,16.44,336,Frame_00336.png
0.55,0.04,-0.96,0,0.86,0.95,0.15,-1,0.66,0,0,0,0.85,0.28,0.73,0,0,0.76,0.32,0,0.9,0,0,0,0.1,0,0,0,0.57,0.95,-0.35,0,0.41,0,0,0,0.44,0,0,0,0,0,0,0,0,0,0,0,0,0,0,0,1086,5,0,2.04,11.97,0.75,13.1,337,Frame_00337.png
0.59,0.58,-0.5,0,0.56,0,0,0,0.03,0,0,0,0.09,0,0,0,0.08,0.53,-0.96,0,0.39,0.35,-0.61,0,0.87,0.31,-0.87,0,0.07,0.6,0.05,0,0.87,0,0,0,0,0,0,0,0,0,0,0,0,0,0,0,0,0,0,0,1096.9,5,0,3,11.92,0.25,20.06,338,Frame_00338.png
0.31,0.85,-0.69,0,0.29,0.75,0.24,0,0.15,0.72,-0.68,0,0.06,0.6,-0.71,0,0.46,0,0,0,0.65,0,0,0,0.7,0,0,0,0.07,0,0,0,0,0,0,0,0,0,0,0,0,0,0,0,0,0,0,0,0,0,0,0,1112.2,5,0,2.42,11.97,1.2,17.82,339,Frame_00339.png
0.04,0.35,-0.04,0,0.82,0,0,0,0.75,0.69,0.29,0,0.79,0.74,-0.24,0,0.87,0.77,-0.72,0,0.93,0,0,0,0.96,0.99,-0.12,0,0.76,0,0,0,0.41,0.22,-0.48,0,0.44,0.99,-0.68,0,0.69,0,0,0,0,0,0,0,0,0,0,0,1141.3,5,0,2.27,11.98,0.2,18.65,340,Frame_00340.png
0.23,0.68,-0.28,0,0.66,0,0,0,0.78,0,0,0,0.06,0.55,0.24,0,0.08,0,0,0,0.64,0.2,-0.53,0,0.83,0.94,0.76,0,0.02,0.04,0.91,0,0.08,0.52,-0.67,0,0.57,0.19,-0.5,0,0.79,0,0,0,0,0,0,0,0,0,0,0,1147.1,5,0,2.81,11.69,1.2,18.04,341,Frame_00341.png
0.26,0.81,-0.61,0,0.43,0,0,0,0.1,0,0,0,0.02,0,0,0,0.01,0.11,-0.63,0,0.56,0.1,-0.38,0,0.94,0.38,0.83,0,0.28,0.99,-0.49,0,0.84,0.28,0.12,0,0.33,0.5,-0.91,0,0.39,0,0,0,0,0,0,0,0,0,0,0,1236.2,5,0,2.47,11.94,0.6,20.77,342,Frame_00342.png
0.22,0.97,-0.1,0,0.94,0,0,0,0.74,0,0,0,0.98,0,0,0,0.54,0.62,0.94,0,0.81,0.3,0.81,0,0.37,0,0,0,0,0,0,0,0,0,0,0,0,0,0,0,0,0,0,0,0,0,0,0,0,0,0,0,628.4,6,0,3,11.95,0.5,12.96,343,Frame_00343.png
0.44,0.94,-0.08,0,0.16,0,0,0,0.12,0.92,-0.73,0,0.82,0.21,1,0,0.01,0,0,0,0.94,0,0,0,0.83,0.78,-0.16,0,0.19,0.37,0.73,0,0.83,0,0,0,0,0,0,0,0,0,0,0,0,0,0,0,0,0,0,0,658.1,6,0,3,11.85,0.4,9.65,344,Frame_00344.png
0.97,0,0,0,0.28,0.09,0.82,0,0.55,0,0,0,0.6,0,0,0,0.79,0,0,0,0.08,0.48,-0.87,-0.44,0.66,0,0,0,0,0,0,0,0,0,0,0,0,0,0,0,0,0,0,0,0,0,0,0,0,0,0,0,698.2,6,0,3,11.86,1.46,12.96,345,Frame_00345.png
0.99,0,0,0,0.24,0.62,-0.11,0,0.93,0,0,0,0.94,0,0,0,0.21,0.9,-0.42,0,0.52,0.78,0.21,0,0.39,0.13,-0.54,0,0.43,0,0,0,0,0,0,0,0,0,0,0,0,0,0,0,0,0,0,0,0,0,0,0,713.6,6,0,2.9,11.86,0.55,10.6,346,Frame_00346.png
0.39,0.8,-0.23,0,0.94,0.18,-0.37,1,0.04,0,0,0,0.28,0.9,0.39,0,0.1,0,0,0,0.82,0.33,0.79,0,0.82,0,0,0,0.41,0.04,0.76,0,0.97,0,0,0,0.23,0,0,0,0,0,0,0,0,0,0,0,0,0,0,0,730.6,6,0,2.02,12,1.15,10.9,347,Frame_00347.png
0.99,0,0,0,0.23,0.73,0.13,0,0.85,0.16,0.14,0,0.31,0.84,0.59,0,0.75,0.8,-0.56,0,0.16,0,0,0,0.98,0,0,0,0.36,0.47,0.33,0,0.12,0,0,0,0,0,0,0,0,0,0,0,0,0,0,0,0,0,0,0,734.5,6,0,3,11.68,0.65,9.65,348,Frame_00348.png
0.18,0.24,0.55,0,0.61,0,0,0,0.61,0,0,0,0.83,0.42,0.46,0,0.78,0,0,0,0.81,0.01,0.25,0,0.76,0,-0.52,0,0.23,0,0,0,0,0,0,0,0,0,0,0,0,0,0,0,0,0,0,0,0,0,0,0,737.5,6,0,2.1,11.69,1.25,12.96,349,Frame_00349.png
0.98,0,0,0,0.16,0.85,0.53,0,0.16,0.37,-0.81,0,0.89,0,0,0,0.53,0.34,-0.04,0,0.77,0.43,-0.9,0,0.46,0,0,0,0.8,0,0,0,0,0,0,0,0,0,0,0,0,0,0,0,0,0,0,0,0,0,0,0,738.9,6,0,2.74,11.92,0.2,14.03,350,Frame_00350.png
0.97,0,0,0,0.19,0.74,0.32,0,0.51,0,0,0,0.55,0,0,0,0.18,0.42,-0.1,0,0.34,0.24,-0.76,0,0.4,0,0,0,0,0,0,0,0,0,0,0,0,0,0,0,0,0,0,0,0,0,0,0,0,0,0,0,755.1,6,0,2.72,11.93,0.5,16.82,351,Frame_00351.png
0.47,0.39,0.12,0,0.61,0,0,0,0.33,0.79,0.41,0,0.34,0.23,0.85,0,0.06,0,0,0,0.4,0.35,-0.08,0,0.87,0.14,0.05,0,0.47,0,0,0,0.91,0.53,0.74,0,0.48,0,0,0,0,0,0,0,0,0,0,0,0,0,0,0,765.8,6,0,2.19,10.84,0.25,14.77,352,Frame_00352.png
0.99,0,0,0,1,0,0,0,0.57,0.46,0.61,0,0.77,0.38,0.54,0,0.75,0.68,0.76,0,0.29,0,0,0,0.14,0.4,-0.63,0,0.13,0,0,0,0,0,0,0,0,0,0,0,0,0,0,0,0,0,0,0,0,0,0,0,799.6,6,0,3,11.69,1.59,12.96,353,Frame_00353.png
0.24,0.19,-0.13,0,0.61,0,0,0,0.58,0.31,-0.29,0,0.34,0.48,0.99,0,0.33,0.25,0.57,0,0.48,0,0,0,0.1,0.12,-0.91,0,0.86,0,0,0,0.16,0,0,0,0,0,0,0,0,0,0,0,0,0,0,0,0,0,0,0,801.2,6,0,2.88,11.72,0.65,14.19,354,Frame_00354.png
0.39,0.18,-0.81,0,0.96,0,0,0,0.59,0,0,0,0.88,0.47,-0.02,-0.74,0.56,0,0,0,0.03,0,0,0,0.67,0.6,0.1,0,0.29,0.71,0.98,0,0.07,0,0,0,0,0,0,0,0,0,0,0,0,0,0,0,0,0,0,0,804,6,0,2.61,11.8,0.1,10,355,Frame_00355.png
0.16,0.68,0.61,0,0.1,0.79,0.34,0,0.87,0,0,0,0.64,0.44,-0.69,-0.41,0.99,0.16,0.35,0,0.98,0.32,0.82,0,0.42,0,0,0,0.15,0,0,0,0.22,0,0,0,0.3,0,0,0,0,0,0,0,0,0,0,0,0,0,0,0,806.7,6,0,2.98,11.83,1.41,13.09,356,Frame_00356.png
0.23,0.2,-0.33,0,0.61,0,0,0,0.91,0,0,0,0.56,0,0,0,0.88,0,0,0,0.53,0.24,-0.24,0.36,0.69,0.01,0.09,0,0.36,0.95,0.75,0,0.63,0,0,0,0,0,0,0,0,0,0,0,0,0,0,0,0,0,0,0,808.9,6,0,3,11.84,0.45,12.96,357,Frame_00357.png
0.95,0,0,0,0.99,0,0,0,0.92,0.42,-0.15,0,0.84,0.43,-0.47,0,0.44,0.76,0.68,0,0.04,0,0,0,0.74,0,0,0,0,0,0,0,0,0,0,0,0,0,0,0,0,0,0,0,0,0,0,0,0,0,0,0,809.9,6,0,3,11.69,0.75,13.3,358,Frame_00358.png
0.98,0,0,0,0.27,0.83,0.25,0,0.01,0.49,-0.09,0,0.06,0,0,0,0.61,0.85,0.92,0,0.57,1,0.92,0,0.59,0,0,0,0.48,0,0,0,0,0,0,0,0,0,0,0,0,0,0,0,0,0,0,0,0,0,0,0,829.6,6,0,2.3,12,0.45,12.96,359,Frame_00359.png
0.65,0.92,-0.16,0,0.79,0.33,-0.71,0,0.73,0,0,0,0.59,0.04,-0.2,0,0.32,0.39,0.69,0,0.49,0,0,0,0.77,0,0,0,0.22,0.6,0.33,0,0.48,0.78,0.85,0,0.23,0.3,-0.79,0,0.85,0,0,0,0,0,0,0,0,0,0,0,843.5,6,0,2.26,11.8,0.8,14.52,360,Frame_00360.png
0.02,0.63,-0.29,0,0.64,0,0,0,0.51,0.92,0.89,0,0.83,0.75,-0.88,0,0.42,0.46,-0.38,0,0.61,0,0,0,0.15,0,0,0,0.86,0.32,0.77,0,0.71,0,0,0,0,0,0,0,0,0,0,0,0,0,0,0,0,0,0,0,865.9,6,0,2.74,11.23,1.45,15.91,361,Frame_00361.png
0.96,0,0,0,0.38,0.8,-0.71,0,0.2,0.77,-0.3,0,0.4,0.36,-0.56,0,0.17,0,0,0,0.73,0.62,-0.53,0,0.65,0,0,0,0.74,0,0,0,0,0,0,0,0,0,0,0,0,0,0,0,0,0,0,0,0,0,0,0,868.4,6,0,2.09,11.78,1.21,13.37,362,Frame_00362.png
0.23,0.45,0.24,0,0.94,0,0,0,0.14,0.09,-0.49,0,0.88,0,0,0,0.09,0.66,-0.87,0,0.66,0.5,0.48,-0.6,0.77,0.08,0.66,0,0.81,0,0,0,0.11,0,0,0,0.05,0,0,0,0,0,0,0,0,0,0,0,0,0,0,0,873.8,6,0,2.37,12,1.2,15.88,363,Frame_00363.png
0.99,0,0,0,0.2,0.06,0.42,0,0.23,0.6,-0.01,0,0.76,0,0,0,0.26,0,0,0,0.85,0.11,-0.76,0,0.93,0.91,-0.56,0,0.59,0.21,-0.45,0,0.67,0.58,-0.44,0,0.06,0.48,0.35,0,0.87,0,0,0,0,0,0,0,0,0,0,0,876.3,6,0,2.52,11.91,0.05,10.98,364,Frame_00364.png
0.45,0.66,-0.77,0,0.67,0,0,0,0.48,0.15,-0.96,0,0.7,0,0,0,0.94,0.38,-0.92,0,0.2,0.07,0.79,0,0.96,0.18,-0.14,0,0.23,0,0,0,0.75,0,0,0,0,0,0,0,0,0,0,0,0,0,0,0,0,0,0,0,888.6,6,0,2.06,11.8,0.7,12.35,365,Frame_00365.png
0.23,0.23,-0.48,0,0.28,0.82,-0.05,0,0.33,0,0,0,0.06,0.18,-0.33,0,0,0.22,0.62,0,0.78,0,0,0,0.67,0.14,0.76,0,0.18,0.69,-0.48,0,0.13,0,0,0,0.6,0,0,0,0,0,0,0,0,0,0,0,0,0,0,0,894.1,6,0,3,11.64,0.25,11.92,366,Frame_00366.png
0.31,0.53,-0.33,0,0.07,0,0,0,0.41,0,0,0,0.51,0,0,0,0.46,0.66,-0.08,0,0.66,0.96,-0.69,0,0.33,0.54,0.09,0,0.43,0.91,-0.99,0,0.16,0,0,0,0,0,0,0,0,0,0,0,0,0,0,0,0,0,0,0,894.6,6,0,2.16,11.85,0.4,16.96,367,Frame_00367.png
0.8,0.52,-0.38,0,0.95,0.67,-0.89,0,0.04,0.28,-0.46,0,0.57,0,0,0,0.06,0.55,-0.61,0,0.01,0,0,0,0.73,0,0,0,0.44,0,0,0,0.98,0.48,-0.14,-0.1,0.69,0,0,0,0,0,0,0,0,0,0,0,0,0,0,0,905.7,6,0,4.17,11.84,0.5,13.57,368,Frame_00368.png
0.29,0.66,-0.3,0,0.66,0,0,0,0.18,0,0,0,0.59,0.76,-0.38,0,0.56,0.82,-0.4,0,0.72,0.26,-0.71,0,0.28,0,0,0,0.76,0,0,0,0,0,0,0,0,0,0,0,0,0,0,0,0,0,0,0,0,0,0,0,914,6,0,3,11.5,1.5,17,369,Frame_00369.png
0.24,0.28,-0.72,0,0.62,0,0,0,0.72,0,0,0,0.63,0,0,0,0.38,0,0,0,0.1,0.65,0.17,0.32,0.75,0,0,0,0.32,1,-0.98,-0.81,0.58,0.97,-0.9,0,0.91,0.77,0.69,0,0.73,0,0,0,0,0,0,0,0,0,0,0,923.6,6,0,2.46,11.37,0.8,13.31,370,Frame_00370.png
0.45,0.55,-0.57,0,0.29,0.95,0.11,0,0.35,0,0,0,0.01,0,0,0,0.75,0,0,0,0.43,0.32,0.66,0,0.22,0.53,0.23,0,0.82,0,0,0,0,0,0,0,0,0,0,0,0,0,0,0,0,0,0,0,0,0,0,0,927.8,6,0,2.03,11.75,0.55,12.28,371,Frame_00371.png
0.83,0.53,-0.77,0,0.75,0.85,-0.26,0,0.63,0,0,0,0.19,0,0,0,0.01,1,0.66,0,0.37,0,0,0,0.95,0,0,0,0.22,0.85,-0.71,-0.84,0.78,0.63,-0.89,0,0.37,0,0,0,0,0,0,0,0,0,0,0,0,0,0,0,930.9,6,0,2.12,12,1.3,14.54,372,Frame_00372.png
0.03,0.97,-0.62,0,0.04,0.18,0,0,0.03,0,0,0,0.94,0,0,0,0.79,0.32,-0.35,0,0.57,0.89,-0.38,0,0.54,0.01,0.32,0,0.93,0.29,-0.38,0,0.89,0.44,0.1,0,0.13,0,0,0,0.83,0,0,0,0,0,0,0,0,0,0,0,933,6,0,2.23,11.93,0.5,14.94,373,Frame_00373.png
0.61,0.84,-0.2,0,0.2,0,0,0,0.45,0,0,0,0.89,0.51,-0.73,-0.25,0.63,0,0,0,0.47,0,0,0,0.29,0.74,-0.93,0,0.58,0.31,0.85,0,0.23,0,0,0,0,0,0,0,0,0,0,0,0,0,0,0,0,0,0,0,934.4,6,0,3,11.61,1,18.08,374,Frame_00374.png
0.51,0.87,-0.4,0,0.07,0,0,0,0.12,0.63,-0.42,0,1,0,0,0,0.24,0.79,-0.68,0,0.95,0.67,0.42,0,0.83,0.02,-0.73,-0.14,0.08,0,0,0,0.54,0,0,0,0.09,0,0,0,0,0,0,0,0,0,0,0,0,0,0,0,939,6,0,2.18,11.97,0.7,17.6,375,Frame_00375.png
0.98,0,0,0,0.46,0.06,0.76,0,0.94,0.89,0.62,0,0.64,0.42,0.99,-0.73,0.63,0,0,0,0.61,0,0,0,0.02,0.99,0.28,0,0.42,0,0,0,0.11,0,0,0,0,0,0,0,0,0,0,0,0,0,0,0,0,0,0,0,944.7,6,0,2.28,11.99,1.4,12.84,376,Frame_00376.png
0.52,0.11,-0.21,0,0.03,0.39,0.13,0,0.71,0.83,0.27,0,0.34,0.06,-0.51,0.23,0.24,0,0,0,0.01,0.3,0.92,0,1,0,0,0,0.61,0,0,0,0.5,0,0,0,0.74,0,0,0,0,0,0,0,0,0,0,0,0,0,0,0,978.5,6,0,2.51,12,0.65,17.12,377,Frame_00377.png
0.97,0,0,0,0.29,0.82,-0.27,0,0.34,0.03,-0.14,0,0.12,0.47,0.6,0,0.73,0.19,0.3,0,0.74,0,0,0,0.19,0,0,0,0.53,0.54,-0.6,-0.76,0.97,0,0,0,0.27,0,0,0,0,0,0,0,0,0,0,0,0,0,0,0,985.9,6,0,2.3,11.77,0.7,13.63,378,Frame_00378.png
0.19,0.58,-0.65,0,0.09,0.19,-0.3,0,0.56,0.51,0.58,-0.6,0.26,0.56,0.05,0,0.86,0,0,0,0.06,0,0,0,0.77,0.45,-0.14,0,0.11,0,0,0,0.42,0,0,0,0.2,0,0,0,0,0,0,0,0,0,0,0,0,0,0,0,991.3,6,0,3.2,12,0.25,15.98,379,Frame_00379.png
0.34,0.35,0.64,0,0.92,0.29,-0.87,0,0.15,0.68,-0.23,0,0.39,0,0,0,0.88,0.83,-0.7,0,0.12,0.99,-0.23,0,0.37,0,0,0,0.55,0,0,0,0.9,0,0,0,0,0,0,0,0,0,0,0,0,0,0,0,0,0,0,0,1077.3,6,0,3.33,11.9,1.15,16.25,380,Frame_00380.png
0.98,0,0,0,0.96,0,0,0,0.12,0.57,-0.65,0,0.85,0,0,0,0.93,0,0,0,0.66,0.2,0.06,-0.51,0.97,0.87,-0.84,0,0.39,0.55,0.37,0,0.31,0.46,-0.1,0,0.95,0.94,0.91,0,0.52,0,0,0,0,0,0,0,0,0,0,0,1109.4,6,0,2.73,12,0.3,16.42,381,Frame_00381.png
0.47,0.36,-0.99,0,0.64,0,0,0,0.1,0.96,-0.56,0,0.49,0.89,0.82,0,0.3,0.79,0.03,0,0.97,0,0,0,0.92,0.41,-0.65,0,0.47,0,0,0,0.55,0.88,-0.13,0,0.79,0.51,0.07,0,0.14,1,0,0,0,0,0,0,0,0,0,0,1147.9,6,0,2.33,11.81,0.15,12.78,382,Frame_00382.png
0.95,0,0,0,0.05,0.36,0.32,0,0.84,0.27,0.35,0,0.63,0.02,0,0,0.35,0.09,-0.95,0,0.81,0.79,-0.8,0,0.77,0.04,-0.9,0,0.43,0,0,0,0.25,0,0,0,0.13,0,0,0,0,0,0,0,0,0,0,0,0,0,0,0,1159,6,0,2.12,11.99,1.6,16.72,383,Frame_00383.png
0.38,0.67,-0.33,0,0.07,0,0,0,0.46,0,0,0,0.81,0.06,0.47,0,0.62,0.09,-0.11,0,0.03,0.9,0.31,0,0.2,0.98,0.83,0,0.5,0,0,0,0.11,0.31,-0.02,0,0.32,0.82,-0.43,0,0.58,0.1,-0.39,0,0.27,0.67,0.97,0,0.93,0,0,0,1230.9,6,0,2.44,11.48,0.1,15.53,384,Frame_00384.png
0.96,0,0,0,0.42,0.04,-0.94,0,0.99,0,0,0,0.01,0.54,-0.09,0,0.17,0.31,-0.97,0,0.45,0,0,0,0.63,0.1,-0.71,0,0.72,0,0,0,0,0,0,0,0,0,0,0,0,0,0,0,0,0,0,0,0,0,0,0,1235.7,6,0,2.19,11.83,0.45,22.81,385,Frame_00385.png
0.62,0.86,0.59,0,0.63,0,0,0,0.11,0.32,-0.8,0,0.98,0.52,0.05,0,0.51,0.53,-0.81,0,0.04,0.49,0.84,0,0.74,0.34,0.08,0,0.63,0.63,-0.5,0,0.43,0,0,0,0.91,0,0,0,0.12,1,0,0,0,0,0,0,0,0,0,0,1251.7,6,0,2,12,0.25,20.28,386,Frame_00386.png
0.09,0.64,0.18,0,0.72,0,0,0,0.87,0,0,0,0.49,0.04,0.06,0,0.6,0.32,-0.43,0,0.92,0,0,0,0.53,0,0,0,0,0,0,0,0,0,0,0,0,0,0,0,0,0,0,0,0,0,0,0,0,0,0,0,650.9,7,0,3,11.69,0.3,12.96,387,Frame_00387.png
0.59,0.74,-0.29,0,0.67,0,0,0,0.63,0.7,-0.13,0,0.95,0,0,0,0.36,0.34,-0.9,0,0.36,0.44,0.89,0,0.78,0,0,0,0.3,0.09,0.75,0,0.21,0,0,0,0,0,0,0,0,0,0,0,0,0,0,0,0,0,0,0,667.7,7,0,2.31,11.78,0.65,9.65,388,Frame_00388.png
0.26,0.12,-0.29,0,0.65,0,0,0,0.34,0,0,0,0.89,0.26,0.07,0,0.74,0,0,0,0.74,0,0,0,0.89,0.4,0.22,0.36,0.76,0,0,0,0,0,0,0,0,0,0,0,0,0,0,0,0,0,0,0,0,0,0,0,706.1,7,0,2.56,11.89,0.35,13.84,389,Frame_00389.png
0.98,0,0,0,0.99,0,0,0,0.6,0.83,-0.24,0,0.15,0.26,-0.65,0,0.4,0.24,0.29,0,0.22,0.31,-0.45,0,0.04,0,0,0,0.37,0,0,0,0,0,0,0,0,0,0,0,0,0,0,0,0,0,0,0,0,0,0,0,710.9,7,0,2.16,11.69,1.2,14.13,390,Frame_00390.png
0.62,0.23,-0.66,0,0.96,0,0,0,0.92,0.38,0.39,0.67,0.74,0,0,0,0.37,0,0,0,0.22,0,0,0,0.96,0,0,0,0.06,0.43,-0.25,0.66,0.22,0.35,0.78,0,0.46,0,0,0,0,0,0,0,0,0,0,0,0,0,0,0,732.6,7,0,2.06,12,1.25,10.75,391,Frame_00391.png
0.17,0.52,0.79,0,0.19,0.96,-0.61,0,0.79,0.93,-0.12,-0.23,0.55,0,0,0,0.31,0.43,-0.63,0,0.46,0,0,0,0.88,0,0,0,0.94,0,0,0,0.46,0,0,0,0,0,0,0,0,0,0,0,0,0,0,0,0,0,0,0,737.4,7,0,3.23,12,0.6,10.78,392,Frame_00392.png
0.45,0.98,0.17,0,0.96,0.37,-0.41,0,0.62,0,0,0,0.23,0.89,0.94,0,0.8,0,0,0,0.63,0,0,0,0.59,0,0,0,0.22,0.07,-0.33,-0.8,0.87,0,0,0,0,0,0,0,0,0,0,0,0,0,0,0,0,0,0,0,753.1,7,0,3,12,0.85,12.75,393,Frame_00393.png
0.96,0,0,0,0.2,0.57,0.9,0,0.38,0,0,0,0.81,0,0,0,0.58,0.33,-0.53,0,0.8,0,0,0,0.95,0.02,0.83,-0.32,0.56,0.09,-0.3,0,0.62,0.7,0.28,0,0.87,0,0,0,0,0,0,0,0,0,0,0,0,0,0,0,753.2,7,0,2.17,12,1.39,9.65,394,Frame_00394.png
0.48,0.39,-0.1,0,0.13,0,0,0,0.19,0.17,-0.59,0,0.68,0.65,-0.19,0,0.72,0,0,0,0.92,0.13,0.93,0,0.75,0.86,0.28,0,0.65,0,0,0,0.59,0.05,0.46,0,0.84,0,0,0,0,0,0,0,0,0,0,0,0,0,0,0,792.4,7,0,2.66,11.65,0.5,10.86,395,Frame_00395.png
0.58,0.47,0.25,0,0.65,0,0,0,0.35,0.17,-0.22,0,0.51,0,0,0,0.75,0.15,0.48,0,0.66,0.96,-0.45,0,0.7,0.56,0.23,0,0.9,0.04,-0.63,0,0.64,0,0,0,0.9,0,0,0,0,0,0,0,0,0,0,0,0,0,0,0,805.4,7,0,2.97,11.94,1.1,11.02,396,Frame_00396.png
0,0.58,-0.84,0,0.67,0,0,0,0.52,0,0,0,0.52,0,0,0,0.55,0.59,0.93,0,0.19,0.89,-0.2,0,0.89,0.49,0.95,0,0.38,0,0,0,0,0,0,0,0,0,0,0,0,0,0,0,0,0,0,0,0,0,0,0,812.9,7,0,2.84,11.86,1,9.65,397,Frame_00397.png
0.13,0.55,0.64,0,0.66,0,0,0,0.07,0.24,0.12,0,0.71,0.74,0.95,0,0.33,0,0,0,0.75,0,0,0,0.81,0.43,0.53,0,0.08,0.3,-0.96,0,0.44,0,0,0,0,0,0,0,0,0,0,0,0,0,0,0,0,0,0,0,847.8,7,0,2.11,11.41,0.6,15.95,398,Frame_00398.png
0.17,0.24,-0.78,0,0.97,0,0,0,0.73,0,0,0,0.57,0.46,-0.64,0,0.1,0.9,0.27,0,0.73,0.45,0.51,0,0.68,0,0,0,0.79,0.96,0.42,0,0.75,0,0,0,0,0,0,0,0,0,0,0,0,0,0,0,0,0,0,0,848.7,7,0,2.98,11.91,1.35,12.38,399,Frame_00399.png
0.62,0.68,-0.15,0,0.41,0,0,0,0.48,0,0,0,0.03,0.97,0.76,0,0.62,0.87,-0.69,0.47,0.4,0.82,-0.1,0,0.63,0.58,0.34,0,0.45,0,0,0,0.31,0.11,-0.12,0,0.33,0,0,0,0.09,1,1,0,1,0,0,0,0,0,0,0,880.3,7,0,2.93,12,0.5,11.12,400,Frame_00400.png
0.18,0.76,-0.66,0,0.19,0.23,0.11,0,0.74,0,0,0,0.7,0,0,0,0.31,0.08,-0.97,0,0.9,0,0,0,0.85,0.96,-0.59,0,0.88,0.59,0.32,0,0.39,0.21,0.19,0,0.95,0.04,-0.35,0,0.22,0,0,0,0,0,0,0,0,0,0,0,884.5,7,0,2.07,11.79,0.55,11.46,401,Frame_00401.png
0.64,0.4,-0.44,0,0.83,0.73,0.3,0,0.41,0,0,0,0.67,0,0,0,0.11,0.84,-0.22,0,0.26,0.35,-0.67,0,0.24,0,0,0,0.24,0.42,0.79,0,0.4,0,0,0,0,0,0,0,0,0,0,0,0,0,0,0,0,0,0,0,898,7,0,2.46,11.81,1.1,11.6,402,Frame_00402.png
0.2,0.48,0.59,0,0.28,0,0,0,0.73,0,0,0,0.77,0.89,-0.06,0,0.14,0,0,0,0.64,0.83,-0.33,0,0.49,0.84,0.21,0,0.37,0.24,0.94,0,0.72,0,0,0,0,0,0,0,0,0,0,0,0,0,0,0,0,0,0,0,902.5,7,0,2.79,11.69,0.3,15.55,403,Frame_00403.png
0.02,0.73,-0.69,0,0.06,0.28,-0.13,-1,0.95,0,0,0,0.79,0,0,0,0.6,0,0,0,0.18,0,0,0,0.58,0,0,0,0.09,0.52,-0.88,-0.35,0.17,0,0,0,0,0,0,0,0,0,0,0,0,0,0,0,0,0,0,0,931,7,0,3.27,12,0.65,16.58,404,Frame_00404.png
0.34,0.76,-0.33,0,0.22,0,0,0,0.14,0.96,-0.94,0,0.44,0.18,-0.1,0,0.93,0,0,0,0.47,0.56,-0.87,0,0.73,0,0,0,0.9,0.61,0.31,0,0.74,0.84,-0.71,0,0.5,0,0,0,0,0,0,0,0,0,0,0,0,0,0,0,947.1,7,0,2.64,11.6,0.5,11.3,405,Frame_00405.png
0.2,0.8,0.55,0,0.16,0.21,-0.97,0,0.86,0,0,0,0.48,0,0,0,0.22,0.55,-0.79,0,0.18,0.86,-0.7,0,0.07,0,0,0,0.44,0.38,-0.1,0,0.78,0.61,0.68,0,0.19,0,0,0,0,0,0,0,0,0,0,0,0,0,0,0,953.3,7,0,2.28,11.68,0.5,17.39,406,Frame_00406.png
0.86,0.96,0.41,0,0.89,0,0,0,0.58,0.58,-0.18,0,0.57,0.35,-0.97,0,0.28,0,0,0,0.54,0,0,0,0.02,0.26,-0.97,0,0.64,0,0,0,0,0,0,0,0,0,0,0,0,0,0,0,0,0,0,0,0,0,0,0,955,7,0,3.58,11.9,0.9,13.45,407,Frame_00407.png
0.95,0,0,0,0.15,0.95,0.81,0,0.07,0.2,-0.67,0,0.64,0,0,0,0.27,0.76,-0.91,0,0.47,0.44,-0.01,-0.22,0.62,0,0,0,0.28,0.63,0.17,0,0.82,0,0,0,0.41,0,0,0,0,0,0,0,0,0,0,0,0,0,0,0,972.3,7,0,2.36,11.92,0.05,16.68,408,Frame_00408.png
0.21,0.95,-0.58,0,0.96,0,0,0,0.28,0.06,0.29,0,0.79,0,0,0,0.99,0.24,-0.37,0,0.57,0.89,-0.06,0,0.11,0,0,0,0.94,0.51,0.46,0,0.53,0.85,-0.71,0,0.33,0,0,0,0,0,0,0,0,0,0,0,0,0,0,0,987.8,7,0,2.3,11.92,0.3,15.32,409,Frame_00409.png
0.31,0.65,-0.06,0,0.65,0,0,0,0.46,0.45,0.95,0,0.92,0.21,0.1,0.69,0.16,0,0,0,0.15,0,0,0,0.4,0.26,0.42,0,0.94,0,0,0,0.21,0.42,-0.09,0,0.09,0.1,-0.75,0,0.14,0,0,0,0,0,0,0,0,0,0,0,1013.4,7,0,3,11.7,0.3,15.33,410,Frame_00410.png
0.19,0.86,0.26,0,0.38,0.44,0.92,0,0.55,0.4,0.98,0,0.94,0,0,0,0.96,0,0,0,0.49,0,0,0,0.89,0.53,0.66,0,0.26,0,0,0,0,0,0,0,0,0,0,0,0,0,0,0,0,0,0,0,0,0,0,0,1014,7,0,4.04,11.77,1.3,17.52,411,Frame_00411.png
0.03,0.33,-0.97,0,0.84,0,0,0,0.75,0,0,0,0.5,0,0,0,0.06,0.51,0.36,0,0.73,0.01,-0.77,0,0.09,0.37,-0.01,0,0.29,0.62,-0.71,0,0.09,0,0,0,0,0,0,0,0,0,0,0,0,0,0,0,0,0,0,0,1014.4,7,0,2.07,11.89,0.05,22.32,412,Frame_00412.png
0.5,0.23,-0.37,0,0.1,0.25,-0.38,0,0.61,0.86,0.26,0,0.35,0.28,0.31,-0.76,0.65,0,0,0,0.99,0,0,0,0.73,0,0,0,0.53,0,0,0,0,0,0,0,0.81,0.15,-0.7,0,0.31,0,0,0,0,0,0,0,0,0,0,0,1026.8,7,0,2.43,12,1.3,12.55,413,Frame_00413.png
0.31,0.78,-0.76,0,0.74,0.49,-0.43,0,0.04,0.23,-0.4,0,0.68,0.61,-0.31,0,0.07,0,0,0,0.05,0.19,-0.73,0,0.97,0,0,0,0.06,0.09,-0.68,0,0.32,0,0,0,0.53,0,0,0,0,0,0,0,0,0,0,0,0,0,0,0,1028.3,7,0,2.48,11.94,1.55,19.93,414,Frame_00414.png
0.99,0,0,0,0.64,0.73,-0.84,0,0.59,0.88,0.26,0,0.93,0,0,0,0.43,0,0,0,0.99,0.47,-0.18,0,0.88,0.33,-0.82,0,0.62,0.38,-0.57,0,0.2,0.48,0.81,0,0.5,0,0,0,0,0,0,0,0,0,0,0,0,0,0,0,1038.6,7,0,2.44,11.64,0.9,17.65,415,Frame_00415.png
0.34,0.74,-0.53,0,0.57,0,0,0,0.27,0,0,0,0.07,0,0,0,0.38,0.09,-0.02,0,0.87,0.53,-0.52,0,0.6,0.73,0.01,0,0.51,0.19,-0.59,0,0.36,0.43,-0.77,0,0.49,0,0,0,0,0,0,0,0,0,0,0,0,0,0,0,1039.8,7,0,2.3,11.79,0.05,17.7,416,Frame_00416.png
0.97,0,0,0,0.53,0.02,-0.79,0,0.11,0.14,-0.99,0,0.72,0,0,0,0.97,0,0,0,0.25,0.06,0.32,0,0.82,0.28,-0.72,0,0.86,0,0,0,0.18,0.11,-0.39,0.82,0.45,0.28,0.75,0,0.93,0,0,0,0,0,0,0,0,0,0,0,1070.1,7,0,2.04,11.7,1.6,14.92,417,Frame_00417.png
0.41,0.79,0.3,0,0.67,0,0,0,0.1,0.57,0.87,0,0.74,0.24,-0.7,0,0.66,0.61,-0.99,0,0.35,0.63,-0.23,-0.58,0.98,0,0,0,0.55,0,0,0,0.8,0,0,0,0.97,0,0,0,0,0,0,0,0,0,0,0,0,0,0,0,1150.2,7,0,2.11,11.85,1.15,15.07,418,Frame_00418.png
0.97,0,0,0,0.57,0.33,-0.33,0,0.18,0,0,0,0.24,0.57,0.03,0,0.37,0.68,-0.51,0,0.99,0.72,-0.62,0,0.56,0,0,0,0.52,0.48,-0.2,0,0.68,0.23,-0.9,0,0.83,0,0,0,0,0,0,0,0,0,0,0,0,0,0,0,1202.2,7,0,3,12,0.15,18.97,419,Frame_00419.png
0.97,0,0,0,0.2,0.7,-0.31,0,0.16,0.33,0.77,0,0.05,0,0,0,0.88,0.12,-0.22,0,0.89,0.53,-0.34,0,0.96,0.09,0.89,0,0.66,0.68,-0.67,0,0.19,0,0,0,0.65,0,0,0,0,0,0,0,0,0,0,0,0,0,0,0,1212.2,7,0,3,11.69,1.1,19.9,420,Frame_00420.png
